date,time,msg,cat,pairs,dir,R,pct,models,session,tfs,chain,charts,photos,tv,yt,files,text
2023-06-14,16:12,22,PLAN,EURUSD,,,,,,,,0,1,,,,План & Позиция по EURUSD.
2023-06-15,09:57,26,TRADE_ANALYSIS,EURUSD,,,,,,,,0,0,,,,Доброе утро! Дайте реакций и загружу сюда полный разбор позиции по евро за вчера.
2023-06-15,13:41,27,ANALYSIS,EURUSD,,,,,,,,0,0,,,,Видео-анализ позиции по EU 14.06.2023
2023-06-18,16:45,34,CHART,EURUSD,Long,,,FVG|Breaker,LOKZ|NYKZ,D1|H4|H1|M15,,0,1,,,,"No backtest — No gain 13.02.23 EU Long Time: LOKZ & NYKZ RR: 6 & 3.5 Data: D1 — основа для идеи. D1 Fractal Raid внутри D1 IMB in discount. H4 — таргет в виде IMB H4; можно расценить Н4 как нисходящее движение, в таком случае Н4 IMB находится в дискаунте, что увеличивает вероятность его заполнения. H1 — Reversal BOS + Continuation BOS как подтверждения бычьего намерения относительно движения выше. M15(1) — Первый агрессивный вход после H1 Reversal BOS от М15 BZ, который спровоцировал агрессивный мув. М15(2) / М5 — M15 IMB FF + H1 Continuation BOS как подтверждение направления, вход от М5 BZ, который заполнил IMB / спровоцировал BOS."
2023-06-19,11:37,44,TRADE_ANALYSIS,,,,,,,,,0,0,,,,"В канале буду публиковать такие рубрики: No Backtest - No gain — разбор технических составляющих и логики позиций на бэктесте. Trade breakdown — разбор текущих позиций (как видео, так и текстовый формат) Psycho — статьи и другая информация относительно психологической составляющей и перформанса. Market Analysis — аналитика текущего PA и взгляд на рынок."
2023-06-19,17:26,45,ANALYSIS,EURUSD,,,,FVG|OB,,W1|D1|H4,,0,1,,,,"Market Analysis EURUSD 19.06.23 W1 — Структура остаётся восходящей и цена получила агрессивную реакцию после теста POI в RTO W1. Локально цена заполнила IMB W1 в пределах нисходящего импульса, что увеличивает вероятность коррекции как минимум локально. D1 — Структура также остаётся восходящей. Цена была доставлена в значительную медвежью зону D1 OB / IPA, что спровоцировало нисходящую реакцию и тест D1 IMB. Если цена имеет намерение двигаться на HH относительно недельного графика, то скорее всего развернётся в пределах D1 IMB, в ином случае я бы ждал LL. H4 — Структура восходящая. Цена находится в премиуме, что может располагать к коррекции в зону эквилибриума, которая совпадает с 0.5 D1 IMB, соответсвенно, reversal я буду смотреть там. Цена заполнила H4 IMB внутри D1 OB, что и развернуло "
2023-06-20,10:03,52,CHART,EURUSD,,,,Breaker,NYKZ,D1|H4|H1|M5,,0,1,,,,"No Backtest — No Gain When: 06.03.23 Pair: EU Time: Lunch & NYKZ RR: 5/3 Data: D1 — Основа для идеи. Значимая POI: D1 BZ. H4 — POI refined to H4. Структура восходящая, отсюда очевидный таргет D1 Fractal High (weak as per H4 structure). RTO + зарождение продолжения как индикатор намерения двигаться выше. H1 — Восходящая структура. Таким образом имеем синхрон H4&H1 в контексте D1 BZ refined to H4. Триггер? Рейд фрактального минимума в пределах H1 BZ в эквилибриуме восходящей структуры. M5(1) — Первый вход (LTF Reversal / HTF Continuation) через BZ. М5(2) — Второй вход (Continuation LTF / Continuation HTF) через М5М5."
2023-06-30,14:42,89,CHART,EURUSD,,,,,,,,0,1,,,,Частичный разбор вторника по евро.
2023-07-03,10:40,98,REVIEW,,,,,,,,,0,0,,,,"Доброе утро! Один из эпизодов Bias vs Price, краткая выжимка."
2023-07-03,16:21,101,TRADE_ANALYSIS,EURUSD,,,,,,,,0,1,,,,Разбор позиции по евро в пятницу.
2023-07-06,11:17,122,NOTE,,,,,,,,,0,0,,,,"Если вам интересны подобные заметки, дайте знать."
2023-07-11,15:09,145,REVIEW,,,,,,,,,0,1,,,,Bias vs Price Вечером добавлю краткий видео-анализ дня и логику пропуска позиций.
2023-07-14,14:01,183,NOTE,,Short,,,,,,,0,0,,,,"Еще одно подтверждение того, что заметки и опыт значительно превышают сухие технические факторы. Разбираем ситуацию, почему мы не ждали шорт сразу?"
2023-07-17,09:43,188,PLAN,,,,,,,,,0,1,,,,"Набор на сервер «THE EDGE” открыт до 23.07. Основной целью деятельности сервера является систематизация и структуризация работы, которая ускоряет получение опыта, улучшает восприятие рынка и формирует экосистему для постоянного развития. Аспекты работы: — Систематичный Pre-Session анализ и формирование эффективного и адаптивного торгового плана. — Регулярные конференции на необходимые темы, такие как backtest, notes, challenge analysis, как справляться с убытками и тд. — Экосистема из шаблонов и алгоритмов действий в notion database, которые формируют закономерную и последовательную работу. — Структура недельного/месячного/квартального анализа для более точного выявления аспектов, которые необходимо адаптировать. — и многое другое. Важным условием входа является желание активно работать на"
2023-07-17,19:12,205,PLAN,EURUSD,Short,,,FVG,,H4|H1,,0,1,,,,"EU 17.07.23 1 скрин Цена получила реакцию на internal trigger (H1 Fractal Low) в контексте H4 IMB и Friday EQH как таргета с высокой вероятностью достижения. Далее реакция была получена от external trigger (Friday EQH), который спровоцировал reversal и движение к Friday Low. Был сетап по стратегии в шорт, но умышленно пропущен. Почему? - план на день был выполнен утром, любая позиция вне плана спровоцирует эмоциональный дисбаланс; - поскольку цена находится в рендже, то существует высокая вероятность сильной реакции от любой проблемной зоны - слабый контекст(агрессивная реакция после снятия Friday Low подтверждение этому: локальные шорты ловит не хочу. 2 скрин - моя Bearish POI"
2023-07-20,11:27,221,REVIEW,,,,,,,,,0,1,,,,"Доброе утро! Немного поговорили о стратегии. Завтра выложу Bias vs Price за эту неделю и укажу ошибки/заметки, которые получилось сформировать."
2023-07-21,14:01,229,NOTE,,,,,,,,,0,0,,,,"Набор до 23.07 - Анализ челленджей - Структуризация работы и самоанализа с помощью нефинансовых переменных - Формирование чёткого плана перед торговлей с использованием шаблонов - Полезные заметки, которые углубляют понимание контекста - Борьба с демонами - Регулярные конференции на различную тематику Цена: 30$ / месяц Where the real EDGE begins…"
2023-07-21,15:01,230,TRADE_ANALYSIS,,,,,,,,,0,1,,,,Monday Breakdown Анализ логики движения и потенциальных позиций в понедельник. Подходит ли такой формат?
2023-07-22,11:11,240,NOTE,,,,,,,,,0,1,,,,"Доброе утро! The Edge — среда, где основной фокус идёт на прогресс, самоанализ, умение формировать структуру работы со своим перформансом, что в своё время помогло мне. В The Edge вы не увидите «крутых сетапов», и не найдёте «грааль трейдинга», но вы точно найдёте: — единомышленников, которые готовы двигаться вперёд и работать над собой — логичную и последовательную структуру для самоанализа — регулярные апдейты информации(заметки, бэктесты, анализы) — дисциплину, систематичность, умение адаптироваться Цена: 30$/месяц Набор: до 23.07"
2023-07-23,10:39,243,REVIEW,EURUSD,,,,,,,,0,0,,,,"Bias vs Price https://www.youtube.com/watch?v=5Q3pSjBoX5o Выходные — идеальное время чтобы разобрать прошедшую неделю и подготовиться к следующей. Один из лучших критериев анализа, который мы используем систематически - сравнение своего нарратива и фактического движения цены. В данном видео я разобрал Bias vs Price по EURUSD за 17.07 – 21.07. - заметки по неделе - пропущенные позиции - логика движений Приятного просмотра!"
2023-07-23,13:19,248,TRADE_ANALYSIS,,,,,,,,,0,0,,,,"Регулярные конференции с записями. — детальный разбор позиций — анализ новой информации, полученной в результате работы — систематические презентации на различную тематику — ламповые беседы ⏳24.07 09:00"
2023-07-23,16:06,249,NOTE,,,,,Market,,,,0,0,,https://youtu.be/byeZEFvE90A,,Как делать заметки по рынку? https://youtu.be/byeZEFvE90A В данном видео кратко описан принцип формирования заметок по рынку и алгоритм дальнейшей имплементации их в стратегию. Готовимся к новой торговой неделе по-максимуму.
2023-07-24,09:08,252,PLAN,EURUSD,Long,,,FVG,NYM,W1|D1|H4|H1,,8,0,https://www.tradingview.com/x/kT6IjOTL/|https://www.tradingview.com/x/kT6IjOTL/|https://www.tradingview.com/x/qm9tpsHB/|https://www.tradingview.com/x/qm9tpsHB/|https://www.tradingview.com/x/VIHicRF6/|https://www.tradingview.com/x/VIHicRF6/|https://www.tradingview.com/x/jHVEPkRG/|https://www.tradingview.com/x/jHVEPkRG/,,,"EU Pre-Session Analysis 24.10.2023 W1 — Цена заполнила W1 VI + W1 IMB, что спровоцировало агрессивную реакцию и, как результат, сформировался W1 IMB, который выступает Trouble Area до шорто, и потенциальным триггером для лонгов. Цена все еще в премиуме относительно недельной структуры, + W1 IMB довольно широкий, что усложняет формирования ожиданий относительно реакции на него. D1 — Пятница закрылась неопределенно, и сформировала 2 потенциальных таргета(ситуация похожа на прошлый понедельник); Friday Low + W1/D1 IMB выступает потенциальным триггером для лонгов, Friday High + D1 IMB выступает потенциальным триггером для шортов. H4 — Цена сгенерировала H4 Fractal Trendline liquidity, что может указывать на высокую вероятность снятия Friday High, но тот факт, что мы сделали H4 Fractal Raid и з"
2023-07-24,10:12,253,NOTE,,,,,FVG|Breaker,,H1|M15,,0,1,,,,"Пример адаптации плана и формирования заметки. Изначально я расценивал вероятность достижения Friday High как высокую, но не было дополнительных подтверждений для формирования Bullish intention. После того как цена сформировала H1 BZ в контексте снятия H1 EQL Internal trigger - это стало подтверждением bullish intention и в синхронизации с информацией из плана о liquidity engineering увеличило вероятность достижения Friday High. Потенциальный вход можно было осуществить через M15 на основе данного контекста. Скрин 3: Прошлый понедельник. Цена идентично сформировала диапазон из Friday High & Low + IMB, H1 Fractal Low Raid также выступил как Internal trigger для доставки цены к External Friday High. Заметка: При условии формирования диапазона стоит ожидать Internal trigger в синхронизации с "
2023-07-24,10:36,256,NOTE,,,,,,,,,0,1,,,,Торговый день окончен. План: 1/1 Позиции: 0/0 Заметки: 100/100
2023-07-31,07:39,267,PLAN,EURUSD,,,,,,,,0,1,,,,"EU Pre-Session Analysis 31.07.23 Доброе утро! На этой неделе очень много работы, потому будет много интересного. Готовьтесь."
2023-07-31,10:50,273,NOTE,,,,,,,,,0,1,,,,Сегодня новое видео на YouTube. Это будет постоянной рубрикой “Market Note” при должной заинтересованности от вас.
2023-08-01,12:17,276,NOTE,EURUSD|DXY,,,,FVG|OB,,1M|W1,,8,0,https://www.tradingview.com/x/XHfJsqRF/|https://www.tradingview.com/x/XHfJsqRF/|https://www.tradingview.com/x/VRg12FMB/|https://www.tradingview.com/x/VRg12FMB/|https://www.tradingview.com/x/0zXaD8JX/|https://www.tradingview.com/x/0zXaD8JX/|https://www.tradingview.com/x/Owa5OQZj/|https://www.tradingview.com/x/Owa5OQZj/,,,"EU 1M — https://www.tradingview.com/x/XHfJsqRF/ Восходящая структура сформировала компрессию, которая является признаком слабости движения. Согласно заметкам, подобные формации заканчиваются экспансией в противоположную сторону при наличии High-Probability Target, которым выступает 1M IMB, а также Fractal Lows, которые можно расценить как «Trendline liquidity”. Цена заполнила последнюю Inefficient zone внутри нисходящего импульса + закрылась ниже фрактала, что может выступить триггером для развития bearish scenario. 1W — https://www.tradingview.com/x/VRg12FMB/ Цена получила реакцию от refined POI [IMB W1 + W1 VI FF zone]. Вопреки тому, что структура остаётся восходящей, она выглядит как компрессия и ее значимость относительно продолжения нисходящего движения пропорционально снижается. Я пр"
2023-08-03,11:59,298,NOTE,,,,,,,,,0,1,,,,"Market Note: EQL & EQH Как правило, цена не снимает зоны EQH & EQL сразу, и формирует pullback для снятия сформированной Trendline liquidity. Таким образом трейдеры, которые сфокусировались сугубо на таргете(EQL/EQH) и локальном OF закрывают позиции в убыток. Что дает нам эта заметка? — Пропуск позиции. Если сетап сформирован прямо под/над EQH/EQL он имеет низкую вероятность отработки; — Пропуск позиции. Если позиция была открыта по OF с целью EQL/EQH, но цена развернулась не достигнув цели и над/под вашей позицией есть неэффективность, то с большей вероятностью вы выйдете по стопу; — Открытие позиции. Если цена сформировала EQL/EQH или развернулась перед уже сформированными, то стоит искать Continuation trade после снятия Fractal points в ближайшей POI."
2023-08-03,15:49,301,PLAN,EURUSD,Long,,,,,,,0,1,,,,EURUSD Long 4 этапа: 1 — Pre-Session Analysis + Plan 2 — Идея/подтверждение 3 — Выполнение 4 — Оценка результата
2023-08-06,18:38,326,TRADE_ANALYSIS,EURUSD,Long,,,FVG|Breaker,,D1|H4|H1|M15,,8,0,https://www.tradingview.com/x/sUYuYUHs/|https://www.tradingview.com/x/sUYuYUHs/|https://www.tradingview.com/x/GoioSKO0/|https://www.tradingview.com/x/GoioSKO0/|https://www.tradingview.com/x/RDngk1f3/|https://www.tradingview.com/x/RDngk1f3/|https://www.tradingview.com/x/LOWjTFF1/|https://www.tradingview.com/x/LOWjTFF1/,https://youtu.be/JJ5VRQVOY9A|https://youtu.be/UywvOTYj1Kk,,"Daily Breakdown Day: Thursday Pair: EURUSD В данном посте я проанализирую логику движения цены, потенциальную позицию и заметки, которые были сделаны / дополнены. D1 — https://www.tradingview.com/x/sUYuYUHs/ Понедельник и вторник цена находилась в пределах Friday Candle, что сформировало Friday Range, и поскольку в среду цена сделала выход из него, который синхронизировался с ключевой Bearish Trouble Area D1 IMB, то вероятность восходящего движения в четверг была высокой. H4 — https://www.tradingview.com/x/GoioSKO0/ Цена покинула Friday Range на основе триггера в виде H4 IMB FF + Fractal High raid. Ситуация согласно заметке о Friday Range. Несмотря на то, что она закрылась выше Friday Low + EQL, это не было индикатором разворота. H1 — https://www.tradingview.com/x/RDngk1f3/ Исходя из того,"
2023-08-07,09:34,327,CHART,EURUSD,,,,FVG|OB,,W1|D1|H4,,0,1,,,,"EURUSD Доброе утро! Кратко опишу мысли по графику. W1 — Цена получила Rejection от Trouble Area [W1 OB / IPA], а также сформировала high probability target [W1 IMB], что увеличивает вероятность локального восходящего движения. D1 — Структура нисходящая, main POI D1 OB. Цена сформировала бычий мув на основе D1 IMB FF, но была доставлена к counter-trigger D1 Fractal High, который спровоцировал нисходящую реакцию. Таким образом bullish intention D1 пока не подтвержден. H4 — Цена усилила Target поскольку сформировала EQH и была доставлена в H4 IMB, как потенциальную continuation POI, но на данный момент никаких подтверждений для открытия позиция не предоставлено."
2023-08-08,07:55,332,CHART,EURUSD,,,,FVG,,D1|H4|H1,,2,0,https://www.tradingview.com/x/538nmmeG/|https://www.tradingview.com/x/538nmmeG/,,,"EURUSD UPD. https://www.tradingview.com/x/538nmmeG/ Цена осталась внутри Friday Range согласно первоначальным ожиданиям. Также, были сформированы потенциальные триггеры для выхода из Friday Range: D1 IMB + H4 Fractal Low. На данный момент: • Цена с высокой вероятностью сформирует локальное восходящее движения с целью в виде H1 Fractal EQH zone, которая выступит как TA и развернёт цену, что снова удержит ее внутри Friday Range. • Вероятность снятия PDL / D1 IMB в пределах сегодняшнего дня расцениваю как низкую."
2023-08-09,12:04,336,TRADE_IDEA,EURUSD,,,,FVG|Breaker,,W1|H4,,2,0,https://www.tradingview.com/x/DrJaNNrb/|https://www.tradingview.com/x/DrJaNNrb/,,,"EURUSD https://www.tradingview.com/x/DrJaNNrb/ Цена сняла Friday Low в контексте H4 RTO BZ, что спровоцировало локальную восходящую реакцию. На данный момент общие условия рынка — low probability, потому позиции не рассматриваются. Завтра CPI, потому, предполагаю, что таргет в виде W1 IMB + EQH будет достигнут в контексте снятия Internal Trigger. Со временем пришёл к пониманию того, что очень важно оценивать условия рынка, а не только смотреть на сухие переменные."
2023-08-10,09:10,337,CHART,EURUSD,Long,,,FVG,,W1|H4,,2,0,https://www.tradingview.com/x/GHLBUqjP/|https://www.tradingview.com/x/GHLBUqjP/,,,"EURUSD UPD. https://www.tradingview.com/x/GHLBUqjP/ Как и ожидалось, цена осталась в пределах Friday Range и не смогла зародить восходящее движение сразу после Friday Low Raid. Исходя из того, что цена не смогла продолжить нисходящее движение после реакции на значимую Trouble Area H4 IMB, это указывает на то, что вероятность продолжения нисходящего тренда является низкой. Подсказкой выступают EQH, который также совпадают с W1 IMB. От CPI ожидаю экспансию через Internal Trigger, если достигнем EQH до релиза, то евро стрельнет лонгистам в колено. Относительно позиций, любое движение сформированное сегодня в текущем диапазоне будет low-probability, потому запасайтесь попкорном и будем смотреть на салюты из слитых аккаунтов."
2023-08-15,14:39,347,CHART,EURUSD,Short,,,FVG,,D1|H4,,2,0,https://www.tradingview.com/x/I2blaXWw/|https://www.tradingview.com/x/I2blaXWw/,,,"EURUSD https://www.tradingview.com/x/I2blaXWw/ На данный момент я не готов утверждать о зарождении нисходящего тренда вопреки дневному закрытию ниже фрактала. Цена была доставлена из точки A в точку B используя как триггер External Liquidity. Моей линией на песке выступает H4 Fractal High, который совпадает с D1 IMB. Реакция на эту зону даст дополнительную информацию о directional intention, потому не спешите с открытием шортов."
2023-08-16,18:13,358,NOTE,,,,,,,,,0,0,,https://youtu.be/RBqPbGBTDkU,,Разбор сегодняшнего стопа (ошибки/логика/заметки). Приятного просмотра! https://youtu.be/RBqPbGBTDkU
2023-08-17,12:30,359,CHART,EURUSD,Long,,,FVG|OB,LOKZ|NYM,D1|H4|H1,,6,0,https://www.tradingview.com/x/uDlVA1Fk/|https://www.tradingview.com/x/uDlVA1Fk/|https://www.tradingview.com/x/NiKPc7LA/|https://www.tradingview.com/x/NiKPc7LA/|https://www.tradingview.com/x/GP1FyY8l/|https://www.tradingview.com/x/GP1FyY8l/,,,"EURUSD D1 — https://www.tradingview.com/x/uDlVA1Fk/ Цена протестировала зону проторгованного обьема, а именно тело D1 RTO OB, который выступает значимой TA для медвежьего направления. Также, это произошло в синхронизации с D1 Fractal Monday Low Raid, что может выступить триггером для локального пулбэка. H4 — https://www.tradingview.com/x/NiKPc7LA/ Реакция на H4 IMB на данный момент не подтверждает bullish intention, необходимо получить дополнительный триггер. H1 — https://www.tradingview.com/x/GP1FyY8l/ Восходящее движение LOKZ — inducing move для ранних лонгов, на это указывали EQL и пустой NYM как индикатор высокой вероятности его снятия. Потому на данный момент интересует реакция на ARL для формирования directional intention."
2023-08-17,16:19,363,NOTE,,,,,,,,,2,0,https://www.tradingview.com/x/XO2nWlxO/|https://www.tradingview.com/x/XO2nWlxO/,https://youtu.be/UywvOTYj1Kk,,https://youtu.be/UywvOTYj1Kk EQL — https://www.tradingview.com/x/XO2nWlxO/ Заметки — наше все.
2023-08-18,09:50,364,CHART,EURUSD,,,,FVG|OB,,W1|D1|H4|H1,,7,0,https://www.tradingview.com/x/qJN5mMlQ/|https://www.tradingview.com/x/qJN5mMlQ/|https://www.tradingview.com/x/HLxBLd8M/|https://www.tradingview.com/x/HLxBLd8M/|https://www.tradingview.com/x/u4IPF1uv/|https://www.tradingview.com/x/u4IPF1uv/|https://www.tradingview.com/x/Py92Og2N/,,,"EURUSD D1 — https://www.tradingview.com/x/qJN5mMlQ/ Отчётливо видно как цена находится в компрессии. Обратите внимание на то как оставлены daily highs в виде trendline liquidity - первая подсказка о возможной экспансии. Цена также не смогла преодолеть зону 0.5 тела D1 RTO OB как диапазон наиболее проторгованного объёма, который в данном случае нёс наибольший интерес. H4 — https://www.tradingview.com/x/HLxBLd8M/ Цена произвела рейд Engineered EQL (смотреть на H1) и после повторного теста диапазона 0.5 OB не смогла продолжить нисходящее движение, что указывает на явную слабость. Цена получила агрессивную реакцию в контексте EQL Raid и сформировала H4 IMB, который выступает как main POI. H1 — https://www.tradingview.com/x/u4IPF1uv/ Я не уверен относительно reversal от D1 OB и также предполага"
2023-08-19,14:46,367,REVIEW,,,,,,,,,0,0,,https://youtu.be/a-7HWd35GjU,,Bias vs Price https://youtu.be/a-7HWd35GjU Сравнение своего нарратива и фактического движения цены — один из лучших способов повышения эффективности торгового плана. Приятного просмотра!
2023-08-22,12:48,381,TRADE_ANALYSIS,EURUSD,Short,,,FVG|Breaker,NYKZ|NYM,H4|H1|M15,,6,0,https://www.tradingview.com/x/YAaKFuFL/|https://www.tradingview.com/x/YAaKFuFL/|https://www.tradingview.com/x/HmYwygei/|https://www.tradingview.com/x/HmYwygei/|https://www.tradingview.com/x/vrSknnBm/|https://www.tradingview.com/x/vrSknnBm/,,,"Trade Analysis Date: 21.08 Pair: EU Session: NYKZ Result: BE • H4 — https://www.tradingview.com/x/YAaKFuFL/ Цена сформировала новый Dealing Range и сняла Friday High в контексте премиума, который я рассматривал как trigger для медвежьей реакции. • H1 — https://www.tradingview.com/x/HmYwygei/ По ходу восходящего движения цена сформировала “Trendline liquidity”, которая выступала основным таргетом. Идея заключалась в поиске “Retracement” позиций с данной целью поскольку снятие “Trendline” не нарушало H4 DR. • M15 — https://www.tradingview.com/x/vrSknnBm/ Позиция была открыта от IMB M15 внутри M15 Breaker. Подобная реакция выступала локальным подтверждением шортовой идеи. Основной проблемной зоной выступал H4 IMB, в синхронизации с NYM. Поскольку идея была retracement, то мне был интересное б"
2023-08-22,12:48,382,NOTE,EURUSD,Short,,,FVG|Breaker,,H4|H1,,4,0,https://www.tradingview.com/x/0PjZF7Em/|https://www.tradingview.com/x/0PjZF7Em/|https://www.tradingview.com/x/2eONJyWM/|https://www.tradingview.com/x/2eONJyWM/,https://youtu.be/UywvOTYj1Kk,,"Market Notes [EU Short 21.08] • H4 — https://www.tradingview.com/x/0PjZF7Em/ • H1 — https://www.tradingview.com/x/2eONJyWM/ В очередной раз стоит обратиться к заметке о EQL&EQH. В данном случае цена не сняла, на первый взгляд, очевидную Liquidity Zone поскольку она не была приоритетной и противоречила основному движению, а именно H4 Breaker + BPR. Основной причиной является приоритетность. Цена не должна снимать EQL/EQH/Trendline только потому что это Liquidity Zone, логика высокой вероятности снятия будет работать только в синхронизации с основным контекстом [TA/POI/IMB/OF]."
2023-08-25,12:48,393,CHART,EURUSD,,,,,,,,0,1,,,,EU 24.08.23 Логика > Сухие факты.
2023-08-28,09:12,419,PLAN,EURUSD,,,,FVG|OB,,W1|D1|H12|H4|H1,,11,0,https://www.tradingview.com/x/yBxvjs8K/|https://www.tradingview.com/x/yBxvjs8K/|https://www.tradingview.com/x/Zdv5DUj0/|https://www.tradingview.com/x/xfIvJ9FY/|https://www.tradingview.com/x/xfIvJ9FY/|https://www.tradingview.com/x/2rzPBZaI/|https://www.tradingview.com/x/2rzPBZaI/|https://www.tradingview.com/x/g6Kod2KW/|https://www.tradingview.com/x/g6Kod2KW/|https://www.tradingview.com/x/JsPjWN8T/|https://www.tradingview.com/x/JsPjWN8T/,,,"EU Pre-Session Analysis 28.08.2023 W1 — https://www.tradingview.com/x/yBxvjs8K/ Цена закрылась телом внутри W1 IMB и получила минимальный rejection, что является признаком слабости данной зоны интереса. Согласно заметкам, подобное закрытие повышает вероятность продолжения нисходящего движения и полное ""пробитие"" IMB. Также, сверху цена не оставила зон неэффективности, что подразумевает низкую вероятность retracement. (На графике SAXO есть VI как потенциальная зона для retracement). D1 — https://www.tradingview.com/x/xfIvJ9FY/ С точки зрения Daily, даже значимая зона в виде W1 IMB in W1 Discount + W1 Fractal Low не смогла развернуть цену хотя бы локально, таким образом исходя из того, что Daily OF не изменился, стоит оперировать утверждением: ""OF остается валидным пока не доказано обратное"""
2023-08-28,18:15,433,REVIEW,EURUSD,,,,FVG,,H12|H1,,6,0,https://www.tradingview.com/x/dkVDXZdN/|https://www.tradingview.com/x/dkVDXZdN/|https://www.tradingview.com/x/UxS4NlLL/|https://www.tradingview.com/x/UxS4NlLL/|https://www.tradingview.com/x/ZLEzWXlx/|https://www.tradingview.com/x/ZLEzWXlx/,,,"EU Post-Session Analysis 28.08.2023 https://www.tradingview.com/x/dkVDXZdN/ Как и ожидалось, понедельник сформировал low probability environment и цена получила реакцию от локальных Fractal points. Таким образом, решение сидеть на руках было правильным. https://www.tradingview.com/x/UxS4NlLL/ С точки зрения HTF Narrative ничего не изменилось. То, что цена осталась в пределах Friday Range усиливает вероятность дальнейшей экспансии в одну из сторон. Причиной диапазона является отсутствие main trigger, который мог бы толкнуть цену к одному из KL. Стоит обратить внимание как цена реагировала на локальные зоны: https://www.tradingview.com/x/ZLEzWXlx/ Агрессивная реакция на нижнюю границу H12 IMB сформировала fake bos, тем самым цена заполнила H1 IMB + H1 Fractal Raid как локальный триггер, что "
2023-08-29,09:15,435,PLAN,EURUSD,,,,FVG|OB,,W1|D1|H12|H4|H1,,8,0,https://www.tradingview.com/x/Od5fQTBO/|https://www.tradingview.com/x/Od5fQTBO/|https://www.tradingview.com/x/qXJ5YxDI/|https://www.tradingview.com/x/qXJ5YxDI/|https://www.tradingview.com/x/i7QgA0Oc/|https://www.tradingview.com/x/i7QgA0Oc/|https://www.tradingview.com/x/IBpe4ah3/|https://www.tradingview.com/x/IBpe4ah3/,,,"EU Pre-Session Analysis 29.08.2023 D1 — https://www.tradingview.com/x/Od5fQTBO/ Контекст не изменился поскольку свеча понедельника закрылась внутри Friday Range. Таким образом, мы продолжаем оперировать утверждением: ""OF остается валидным пока не доказано обратное"". Цена получила retracement на основе W1 IPA и локальных retracement triggers, потому на данный момент меня будет интересовать реакцию на D1 OB + H12 Fractal High как potential continuation trigger. H12 — https://www.tradingview.com/x/qXJ5YxDI/ Идентично. Цена была доставлена к H12 Fractal High внутри H12 IMB. H4 — https://www.tradingview.com/x/i7QgA0Oc/ H4 Fractal Raid в контексте W1 IPA выступил как retracement trigger, а H4 Fractal Raid внутри Friday Range как локальный триггер для выхода из Friday Range. H1 — https://www.trad"
2023-08-29,14:39,437,NOTE,,,,,,NYM,,,2,0,https://www.tradingview.com/x/seou6o9I/|https://www.tradingview.com/x/seou6o9I/,https://youtu.be/Pm3AM7ISk2Q,,Market Note https://www.tradingview.com/x/seou6o9I/ Обратите внимание на уровень NYM. Детальнее в заметке: https://youtu.be/Pm3AM7ISk2Q?si=gHQ8i7t69LxqOEHo
2023-08-29,17:09,438,NOTE,,,,,,,,,2,0,https://www.tradingview.com/x/lxqbIJGU/|https://www.tradingview.com/x/lxqbIJGU/,,,https://www.tradingview.com/x/lxqbIJGU/ Всегда подчеркивал необходимость делать «практически» полезные заметки. План: done Trade: done Phase 1: done
2023-08-29,17:12,439,NOTE,,,,,,,,,0,0,,,,"Делам полный детальный разбор логики, какие заметки использовались и почему?"
2023-08-29,17:28,440,NOTE,,,,,,,,,0,0,,https://youtu.be/JJ5VRQVOY9A|https://youtu.be/UywvOTYj1Kk|https://youtu.be/Pm3AM7ISk2Q,,"Заметки, которые использовал при формировании идеи / плана. В скором времени выйдет видео с детальным анализом и логикой синхронизации заметок. https://youtu.be/JJ5VRQVOY9A?si=eqVBE85f73a9ZYHi https://youtu.be/UywvOTYj1Kk?si=_1TJIkZ7cZQg4l9O https://youtu.be/Pm3AM7ISk2Q?si=BJWMU8NRsHAwB-Vm"
2023-08-30,13:00,443,TRADE_ANALYSIS,,,,,,,,,0,1,,,,Сделаю breakdown текстом.
2023-08-31,08:18,450,TRADE_IDEA,EURUSD,,,,FVG|Breaker,,W1|D1|H12|H4|H1,,8,0,https://www.tradingview.com/x/3KJMUEIo/|https://www.tradingview.com/x/3KJMUEIo/|https://www.tradingview.com/x/UsuqOY9z/|https://www.tradingview.com/x/UsuqOY9z/|https://www.tradingview.com/x/5VuEOEkE/|https://www.tradingview.com/x/5VuEOEkE/|https://www.tradingview.com/x/DAREBHOF/|https://www.tradingview.com/x/DAREBHOF/,,,"EU Pre-Session Analysis 31.08.2023 D1 — https://www.tradingview.com/x/3KJMUEIo/ Цена продолжила восходящее движения и произвела D1 Fractal PWH Raid, параллельно протестировала D1 Breaker. PWH является KL, но внутри Breaker также есть D1 IMB как потенциальный локальный магнит, потому вероятность, что цена продолжит нисходящее движения без его заполнения является низкой. Выделенный фрактал я не рассматриваю как BOS, импульсность восходяшего движения подсказывает о том, что оно с большей вероятностью имеет манипуляционный характер. С точки зрения структуры я продолжаю рассматривает ее как нисходящую и данное движение - просто тест BZ + снятие trendline liquidity. H12 — https://www.tradingview.com/x/UsuqOY9z/ Четко видно то, что цена сформировала trendline liquiity перед BZ в контексте нисходя"
2023-08-31,10:19,452,NOTE,,,,,,,,,0,0,,https://youtu.be/C5tfFttYOck,,"Доброе утро! Разобрал логику позиции более детально, а также ее синхронизацию с планом и заметками. Надеюсь, это принесёт вам практическую пользу. Приятного просмотра! https://youtu.be/C5tfFttYOck"
2023-08-31,19:06,453,REVIEW,EURUSD|DXY,Long,,,FVG,NYM,W1|D1|H4|H1,,11,0,https://www.tradingview.com/x/sO7zZx9J/|https://www.tradingview.com/x/sO7zZx9J/|https://www.tradingview.com/x/xEZoJxmK/|https://www.tradingview.com/x/FqmonAS6/|https://www.tradingview.com/x/JHE2yxRU/|https://www.tradingview.com/x/qpZYgchn/|https://www.tradingview.com/x/qpZYgchn/|https://www.tradingview.com/x/psiyyD8T/|https://www.tradingview.com/x/psiyyD8T/|https://www.tradingview.com/x/1U7YA32G/|https://www.tradingview.com/x/1U7YA32G/,,,"EU Post-Session Analysis 31.08.2023 https://www.tradingview.com/x/sO7zZx9J/ План себя не отработал и цена продолжила нисходящее движение после снятия D1 Fractal PWH как main trigger. Реакция на H4 IMB как main POI не была получена (Chart). С точки зрения H1 (Chart) цена получила локальный триггер в виде заполнения H1 IMB над NYM, который запустил нисходящий импульс, движение было агрессивным и без тестов. Потенциальная причина неотработки плана заключается в том, что DXY был доставлен в Key POI W1 IMB (Chart) и на EURUSD был снял key level в виде D1 Fractal High, которого было достаточно для продолжения нисходящего тренда в контексте нисходящей структуры. Тем не менее, решение пропускать лонги при глубоком теста H4 IMB как признаке слабости было правильным. Благо, мы умеем адаптироваться: "
2023-09-03,10:43,455,TRADE_ANALYSIS,,,,,,,,,0,0,,https://youtu.be/CAUpCUDkOU4|https://youtu.be/Pm3AM7ISk2Q|https://youtu.be/C5tfFttYOck|https://youtu.be/MOXXojcyESw,,Доброе утро! Новая торговая неделя на подходе и она будет насыщенна работой. Потому предлагаю вспомнить некоторые аспекты и логику из видео перед интенсивном по PA. • V-Reversal • Fake BOS • Trade Analysis • Notes Synchronization
2023-09-04,09:52,458,TRADE_ANALYSIS,,,,,,,,,0,1,,,,"Доброе утро! На этой неделе много работы. Сегодня выйдет новое видео про Trade Analysis Algorithm, а далее подумаю над демонами."
2023-09-06,14:39,469,NOTE,,,,,,,,,0,1,,,,"Personal Profit Gap Между этими двумя кривыми прибыльности — пропасть. Работа над собой: ошибки, демоны, заметки, анализы, выработка системности, снова ошибки. В скором времени запишу видео и выложу пост по основным аспектам прибыльности и что именно помогло мне найти эту стабильность & системность. Stay tuned."
2023-09-08,12:59,473,TRADE_ANALYSIS,,,,,,,,,2,0,https://www.tradingview.com/x/Rg690lo3/|https://www.tradingview.com/x/Rg690lo3/,,,"Добрый день! https://www.tradingview.com/x/Rg690lo3/ Сентябрь закрыт раньше, чем ожидалось. Далее займусь реализацией планов по доработке содержания и структуры Notion Database, а также сервера. На выходных вас ждёт интересный / полезный контент. Делаем разбор позиции?"
2023-09-08,18:31,474,CHART,DXY,Long,,,FVG|OB|Breaker,,D1|H12|H1,,3,0,https://www.tradingview.com/x/YEei2gqu/|https://www.tradingview.com/x/YEei2gqu/|https://www.tradingview.com/x/tIFvGg6b/,,,"Plan https://www.tradingview.com/x/YEei2gqu/ Исходя из того, что цена находится в main POI [D1 OB / H12 BZ],а также произвела H12 Fractal Raid и сразу получила поглощение может указывать на силу обьема покупателей и вероятность reversal до D1 IMB. Chart Важным фактором является DXY, который достиг VI и получил реакцию, потому это может быть дополнительной подсказкой относительно разворота как минимум локально. Важно держать в голове, что цена уперлась в H12 OB как значимую TA, которая может дать реакцию. В приоритете для меня будут continuation лонги с целью в виде D1 IMB. Я готов их рассмотреть после теста H1 IMB или внутри локального OF на continuation. Я также буду внимательно следить за H12 OB и реакцией на эту зону."
2023-09-08,18:31,475,ANALYSIS,EURUSD|DXY,Long,,,FVG|OB,,H12|H1,,4,0,https://www.tradingview.com/x/U3AXOzCW/|https://www.tradingview.com/x/U3AXOzCW/|https://www.tradingview.com/x/2iLnz5vs/|https://www.tradingview.com/x/2iLnz5vs/,,,"EU Post - Session Analysis 08.09.2023 https://www.tradingview.com/x/U3AXOzCW/ План отработал. Идея о том, что DXY достиг VI и спровоцирует реакцию оказалась валидной. Также, стоит отметить, что осторожность относительно H12 OB, и H1 Fractal EQH как локального триггера также себя оправдала, поскольку данные EQH + OB выступили как retracement trigger до заполнения H1 IMB, который запустил дальнейшую экспансию согласно первоначальному лонговому плану. Chart Неделя 4/5; Позиции 3/3."
2023-09-08,18:33,476,TRADE_ANALYSIS,,,,,,,,,0,1,,,,"В который раз убеждаюсь, что эффективный план = эффективный перформанс. Поскольку сентябрь закрыт и далее будет вестись работа над Notion Database — вас ждёт много контента. Детальный разбор позиции soon."
2023-09-09,14:21,477,NOTE,EURUSD,,,,,,,,0,0,,https://youtu.be/F8efOBvO-j0,,"Добрый день! https://youtu.be/F8efOBvO-j0 Детально разобрал логику позиции по EU и заметки, которые стоит для себя вынести, рекомендую обратить на них особое внимание. Также, это пример эффективного построения торгового плана без излишнего фокуса на определённой переменной. Приятного просмотра!"
2023-09-09,20:10,479,NOTE,,,,,FVG|OB,,H1,,0,1,,https://youtu.be/Pm3AM7ISk2Q,,"Market Note Одна из моих технических ошибок ранее — фокус на зонах неэффективности в тренде. • Как правило, при наличии OB / Fractal Point над / под IMB вероятность теста уменьшается. Таким образом, при формировании плана стоит также учитывать зоны наиболее проторгованного объёма [OB]. В данной ситуации главный триггер H1 EQH спровоцировал поглощение и закрепление телом внутри OB (вспоминаем заметку о Fake BOS). Возникает вопрос, какая зона наиболее вероятна для достижения в контексте данной «манипуляции»? 2 варианта: H1 Fractal Low & H1 IMB Поскольку цена в контексте реакции на Н1 Low не может сформировать Reversal + контекст London open manipulation -> высокая вероятность продолжения по тренду. Отсюда, какая следующая high probability цель — правильно, H1 IMB. Логика > Сухая техника"
2023-09-11,10:58,482,CHART,EURUSD|DXY,,,,FVG|OB,,W1|D1|H4|H1,,8,0,https://www.tradingview.com/x/9ejLhC0a/|https://www.tradingview.com/x/9ejLhC0a/|https://www.tradingview.com/x/RxopGN7L/|https://www.tradingview.com/x/RxopGN7L/|https://www.tradingview.com/x/Egmx1VCV/|https://www.tradingview.com/x/Egmx1VCV/|https://www.tradingview.com/x/f3Y1E8Df/|https://www.tradingview.com/x/f3Y1E8Df/,,,"W1 — https://www.tradingview.com/x/9ejLhC0a/ На графике отчетливо видно слабость цены относительно восходящих движений, поскольку нисходящий мув больше похож на компрессию когда цену ""вдавливают"" и реакция на проблемные зоны минимальная. На прошлой неделе цена закрылась телом внутри проблемной зоны W1 OB и не получила rejection, что является прямым признаком слабости и увеличивает вероятность продолжения нисходящего тренда. D1 — https://www.tradingview.com/x/RxopGN7L/ Цена двигается в Bearish OF, что подтверждает идею высокой вероятности продолжения нисходящего тренда. Потенциальными Continuation POI выступают зоны неэффективности на D1. Основная цель Monthly Fractal Low. H4 — https://www.tradingview.com/x/Egmx1VCV/ Цена находится в диапазоне и не предоставляет весомой информации для форми"
2023-09-11,11:00,484,ANALYSIS,EURUSD,,,,,,,,0,0,,,,"Я провел очень большую работу в анализировании практически всех красных новостей, которые присутствуют на рынке и имеют влияние почти на все рынки, так как эти новости отражают картину непосредственно на сам USD. Все примеры, которые вы увидите внутри, это исключительно график EUR. Зачем мне это и как этим пользоваться❔ - Представим, что вы сейчас торгуете и через пол часа у вас PPI. Но вы не помните, как отрабатывала эта новость до этого. Спокойно открываете Notion и смотрите на примеры и принимаете для себя, хотите ли вы это торговать. 🤔 - Анализируя Forecast , контекст и ситуацию в мире. Вы с большей долей вероятности, сможете сложить свой новостной BIAS, о том, пойдем ли мы выше или ниже. 💻 Буду рад любому отзыву от вас, оказалось ли это полезно. Материал будет дополняться в течении сл"
2023-09-12,13:14,485,NOTE,EURUSD,,,,,,,,0,0,,https://youtu.be/3Fmi1Ell2Y0,,"Добрый день! https://youtu.be/3Fmi1Ell2Y0 Полностью разобрал прошедшую неделю по EU. Указал все заметки, которые были сделаны / использованы, рекомендую уделить этому особое внимание. Жду ваш фидбэк и приятного просмотра!"
2023-09-12,17:02,486,PLAN,,,,,,,,,0,1,,,,"Market Note Детально расписал одну из заметок, которая была сделана давно и дополнена примерами на прошлой неделе. Эта заметка поможет: • Определять наиболее вероятные таргеты; • Эффективно формировать торговый план; • Повысить уровень перформанса и выполнения позиций в тренде; Дайте фидбэк относительно формата и информативность заметки и будем это делать регулярно. Fractal Raid —> Continuation POI"
2023-09-13,12:15,489,CHART,EURUSD,Short,,,FVG,,D1|H4,,2,0,https://www.tradingview.com/x/UOPbPqCw/|https://www.tradingview.com/x/UOPbPqCw/,https://youtu.be/UywvOTYj1Kk,,"EURUSD https://www.tradingview.com/x/UOPbPqCw/ Цена была доставлена в D1 IMB [Continuation POI] согласно изначальному плану. На протяжении вторника цена сформировала нисходящее движение на основе H4 Fractal Raid внутри D1 IMB и тем самым заполнила VI и спровоцировала открытие ранних позиций в шорт. Таким образом, Tuesday High выступает потенциальным триггером для bearish continuation. • Согласно данным, CPI является катализатором движения по тренду, потому доставка цены в D1 IMB в контексте D1 Bearish OF — первая подсказка. • То что цена на основе реакции от VI сформировала импульсное движение до Tuesday High, но не сняла его указывает на Liquidity Engineering — вторая подсказка. (Вспоминаем заметку) • Локально цена сформировала EQH и Trendline Liquidity — третья подсказка. Исходя из аргум"
2023-09-14,08:20,490,CHART,EURUSD,,,,FVG|OB,LOKZ|NYKZ,D1|H12|H4|H1|M15,,11,0,https://www.tradingview.com/x/BzHtk16A/|https://www.tradingview.com/x/BzHtk16A/|https://www.tradingview.com/x/CfvR0Qyr/|https://www.tradingview.com/x/CfvR0Qyr/|https://www.tradingview.com/x/4rNqS5AT/|https://www.tradingview.com/x/XQXY41FV/|https://www.tradingview.com/x/ToOGqF6c/|https://www.tradingview.com/x/ov7WjESL/|https://www.tradingview.com/x/1TiyVkjo/|https://www.tradingview.com/x/CnUAgcM6/|https://www.tradingview.com/x/7n6yvbOs/,,,"Доброе утро! В данном посте я детально распишу логику торгового плана на сегодня (EU 14.09). H4 — https://www.tradingview.com/x/BzHtk16A/ D1 — https://www.tradingview.com/x/CfvR0Qyr/ Исходя из того, что сегодня Main Refinancing Rate, стоит обратить внимание на предыдущие релизы. 04.05.23 H1 | M15 Особенности: • Trendline liquidity = слабость & подсказка о направлении; • LOKZ(Trend), Lunch(Pullback), NYKZ(Continuation); • Экспансия через тест Continuation POI [OB]; • Движение по тренду; 15.06.23 H4 | H1 | M15 Особенности: • LOKZ(Trend), Lunch(Pullback), NYKZ(Continuation); • Экспансия через тест Continuation POI[OB]; • Движение по тренду; 27.07.23 H12 | H1 Особенности: • LOKZ(Trend), Lunch(Trigger), NYKZ(Expansion); • Trendline Liquidity = слабость & подсказка о направлении; • Экспансия чер"
2023-09-15,09:35,493,TRADE_ANALYSIS,,,,,FVG,,D1|H1,,2,0,https://www.tradingview.com/x/5Dt9D9Ar/|https://www.tradingview.com/x/5Dt9D9Ar/,,,"Доброе утро! https://www.tradingview.com/x/5Dt9D9Ar/ Вопреки ожиданиям, цена не сняла D1 Fractal High как триггер, а продолжила нисходящее движение после заполнения H1 FVG в контексте теста локальной зоны наиболее проторгованного объёма. Данная ситуация — отличный пример того когда направление на старших периодах абсолютно понятно, но экзекуция страдает ввиду «размытого» движения на LTF. Тем не менее, как уже много раз писал — адаптация наше все. Потому continuation trade был исполнен. Детальный разбор позиции и торговой недели будет на YouTube, надеюсь она была успешной и полезной для вас. Планирование: 10/10 Позиция: 1/1 Адаптация: 10/10"
2023-09-17,14:30,497,TRADE_ANALYSIS,,,,,,,,,0,1,,,,"Добрый день! Надеюсь, вы хорошо отдохнули и подготовились к новой торговой неделе. Для тех, кто ещё не смотрел, рекомендую ознакомиться с видео о Personal Profit Gap. В скором времени закрою проблему бэктеста раз и навсегда, ждите на YouTube. Также, на этой неделе будет достаточно контента, а именно Bias vs Price, Trade breakdown, Market Notes и многое другое…"
2023-09-19,09:39,500,ANALYSIS,EURUSD|DXY,Short,,,FVG|OB,,W1|D1|H4|H1,,12,0,https://www.tradingview.com/x/YQWNWSXO/|https://www.tradingview.com/x/YQWNWSXO/|https://www.tradingview.com/x/HbSgxF7e/|https://www.tradingview.com/x/HbSgxF7e/|https://www.tradingview.com/x/bSPyf0Pg/|https://www.tradingview.com/x/bSPyf0Pg/|https://www.tradingview.com/x/sI55PG2m/|https://www.tradingview.com/x/sI55PG2m/|https://www.tradingview.com/x/YQWNWSXO/|https://www.tradingview.com/x/YQWNWSXO/|https://www.tradingview.com/x/pBMJ1ocp/|https://www.tradingview.com/x/EYOztfAu/,https://youtu.be/UywvOTYj1Kk,,"EURUSD View & Plan https://www.tradingview.com/x/YQWNWSXO/ W1 — https://www.tradingview.com/x/HbSgxF7e/ Цена была доставлена до Key Level: Monthly Fractal Low и произвела Fractal Raid, который может выступать как локальный retracement trigger. Я не буду рассматривать Monthly Fractal Low как разворотною точку, и предполагаю, что вероятность продолжения нисходящего тренда является высокой, но на данный момент цены была доставлена в маргинальную зону, которая с высокой вероятностью спровоцирует retracement и вынос поздних шортов. Не обращайте внимание на то, что цена уже сформировала 9 нисходящих свечей, это не понижает вероятность формирования 10. D1 — https://www.tradingview.com/x/bSPyf0Pg/ Цена продолжила bearish OF в контексте заполненя D1 IMB и сформировала D1 IMB как признак силы, потом"
2023-09-19,12:54,503,TRADE_ANALYSIS,EURUSD,Long,,,FVG|SNR|RB|OB,NYM,H1|M15|M5,,9,0,https://www.tradingview.com/x/gR80xvts/|https://www.tradingview.com/x/gR80xvts/|https://www.tradingview.com/x/itvHGQDZ/|https://www.tradingview.com/x/itvHGQDZ/|https://www.tradingview.com/x/ixYfGPxK/|https://www.tradingview.com/x/QyLYdiqm/|https://www.tradingview.com/x/85Le6JXp/|https://www.tradingview.com/x/B5XufmMI/|https://www.tradingview.com/x/VoZyljo4/,,,"Monday Breakdown [Logic & Trade] Изначальный план вы можете увидеть здесь: https://www.tradingview.com/x/gR80xvts/ Отработка: https://www.tradingview.com/x/itvHGQDZ/ Как вы можете видеть, изначальная идея заключалась в поиске лонг-позиций в контексте триггера в виде H1 Fractal Low Raid, на основе нарратива, который был описан в плане. Цена сформировала H1 Fractal Low Raid как триггер в контексте девиации под NYM, согласно плану, а также была сформирована потенциальная позиция в лонг, которая была пропущена. [График EU M5] Почему? Цена параллельно сформировала H1 IMB как сильную проблемную зону, важным аспектом было то, что данный FVG был сформирован в контексте снятия H1 Fractal ARH как bearish trigger, потому вероятность более глубокого теста была высокой и было принято решения рассмотрет"
2023-09-19,13:58,505,PLAN,EURUSD,,,,,,,,0,1,,,,"EU 19.09 План & Выполнение Практика показывает, что эффективность торгового плана сильно коррелирует с системностью. Потому если вы чувствуете, что ваш торговый план нуждается в улучшении, все, что необходимо — писать его систематически, и главное осознанно, чтобы выявлять сильные и слабые стороны. План 2/2 Позиция 1/2 Детальный разбор будет завтра на YouTube."
2023-09-19,16:44,507,REVIEW,,,,,,,,,0,0,,https://youtu.be/U2UKxq3OWDQ,,"Bias vs Price https://youtu.be/U2UKxq3OWDQ?si=ku01fsz68E3kAiU3 Детальный разбор прошедшей недели и потенциальных позиций. Рекомендую обратить внимание на заметки и ошибки, которые были сделаны относительно тайминга. Приятного просмотра!"
2023-09-20,10:29,511,TRADE_ANALYSIS,,,,,Market|SNR,,,,0,1,,,,"THE EDGE открывает свою дверь. Если вы испытываете проблемы «торговой стагнации», отсутствия чёткой структуры самоанализа, низкую эффективность торгового плана и другие — welcome. В комьюнити вы найдёте: • Эффективную структуру анализа своего перформанса, которая состоит из чётких алгоритмов Weekly / Monthly / Quarterly Analysis. • Детальный текстовый и видео-анализ всех позиций для культивации преимуществ и работы над ошибками. • Полностью обновлённая стратегия: Теория A -> B: Стратегия в одной формуле. • База из более чем 50 часов записей конференций на темы, а также регулярные конференции: backtest, strategy, trade analysis, demons, SNR и так далее. • Эффективный алгоритм Pre-Session Analysis, который повышает навыки формирования торгового плана. • Базу данных заметок по рынку для разви"
2023-09-20,17:18,522,TRADE_ANALYSIS,EURUSD,,,,,,,,0,0,,https://youtu.be/B0Ut5RDOfTA,,"Trade Breakdown + Market notes Детальный разбор позиции по евро за 19.09.23. Советую обратить особое внимание на заметки в конце видео, поскольку именно логика играла ключевую роль в открытии позиции, а не сухие переменные. Надеюсь, данное видео принесёт вам пользу. Приятного просмотра! https://youtu.be/B0Ut5RDOfTA"
2023-09-22,10:24,527,TRADE_IDEA,,Long,,,FVG|SNR,,D1|H12|H4|H1,,4,0,https://www.tradingview.com/x/m9c8VdMK/|https://www.tradingview.com/x/m9c8VdMK/|https://www.tradingview.com/x/EwNbgE2K/|https://www.tradingview.com/x/EwNbgE2K/,,,"Доброе утро! План отработал быстрее, чем ожидалось. К сожалению, без адекватного входа. Потому неделя закрыта. Сегодня, возможно, выложу материал относительно Suboptimal Performance Loop. https://www.tradingview.com/x/m9c8VdMK/ План: Давайте синхронизируем данные для формирования идеи. На D1 цена сделала Fractal PWL Raid, но Raid ≠ Reversal и D1 Bearish OF до сих пор не изменился, потому вероятность продолжения нисходящего тренда все еще высокая. На H12 цена в контексте H12 Fractal Low Raid была доставлена в H12 FVG откуда получила rejection как признак силы. На H4 цена двигается слабо и без FVG, что подтверждает слабость восходящего движения даже в контексте снятия PWL. Таким образом, если синхронизировать эти переменные, то вероятность продолжения нисходящего тренда превалирует. Тем не м"
2023-09-25,09:23,529,REVIEW,,,,,,,,,0,1,,,,"Доброе утро! Взял на выходные отдых и не пожалел — голова свежая, идей вагон. Сегодня выйдет новой видео Bias vs Price на YouTube, рекомендую уделить особое внимание, там будет много полезного. Напоминаю, что набор на сервер закрывается в пятницу и начинается полноценная и сфокусированная работа по улучшению перформанса в октябре. Хорошей торговой недели, будет много интересного здесь."
2023-09-25,17:03,530,TRADE_ANALYSIS,EURUSD,Short,+3.9,,SNR,NYKZ,H12|H4|M15,,5,0,https://www.tradingview.com/x/z4coBkN0/|https://www.tradingview.com/x/z4coBkN0/|https://www.tradingview.com/x/fB8uLo6E/|https://www.tradingview.com/x/AlWqHCzf/|https://www.tradingview.com/x/E2H1RZhx/,,,"EU Short Breakdown +3.9R https://www.tradingview.com/x/z4coBkN0/ H12 Основная точка опоры — зона наиболее проторгованного объёма в контексте общего нисходящего тренда. Н4 SNR как подтверждение силы нисходящего тренда и зона для поиска continuation trades. M15 NYKZ Fractal Raid на открытии в синхронизации с тестом зоны H4 SNR, displacement как подтверждение для входа. Таким образом, тайминг и нарратив синхронизированы. Цель - PWL. Детальный разбор завтра на YouTube."
2023-09-25,20:57,531,REVIEW,,,,,,,,,0,0,,https://youtu.be/4hzeQnxSDPA,,"Bias vs Price https://youtu.be/4hzeQnxSDPA?si=AWrHwIu2GsoV-KcR Детально проанализировал движение предыдущей недели, а также указал на заметки, которые были использованы и потенциальные позиции. Приятного просмотра!"
2023-09-26,09:19,532,CHART,DXY,,,,FVG,,,,2,0,https://www.tradingview.com/x/8XJLqD2d/|https://www.tradingview.com/x/8XJLqD2d/,,,"Доброе утро! https://www.tradingview.com/x/8XJLqD2d/ DXY достиг ключевой цели согласно плану, который был написан более 2 месяцев назад. На данный момент стоит опираться на реакцию в пределах Monthly FVG: данная зона довольно широкая, потому нельзя утверждать, что цена развернётся сразу после ее достижения. Таким образом, ключевой переменной в данном случае будет реакция цены на триггеры внутри Monthly FVG."
2023-09-27,18:55,537,NOTE,,,,,,,,,0,1,,,,Новая заметка soon.
2023-09-28,11:41,543,NOTE,,,,,,,,,0,1,,,,"Добрый день! Большинство трейдеров воспринимает получение SL как негативное событие, но на самом деле именно убытки формируют вас как трейдера и приносят больше всего опыта. А как известно, именно опыт является залогом системности и прибыльности. Я провёл анализ своего последнего SL, где указал логику формирования плана / выполнения позиции, а также 2 заметки, которые были использованы. Рекомендую к прочтению. SL Analysis"
2023-09-30,10:29,554,NOTE,EURUSD,,,,,,,,0,0,,https://youtu.be/qnzJwDZjBcw,,"Доброе утро! Выходные — отличное время, чтобы разобрать прошедшую неделю, вынести для себя новые уроки и опыт. https://youtu.be/qnzJwDZjBcw В данном видео я проанализировал движение по EU за 25.09 — 29.09, выделил потенциальные позиции, сравнил с изначальным планом, а также коротко указал на заметки, которые были использованы для построения эффективного торгового плана и его адаптации. На подходе новый месяц, а это значит новые возможности и шанс улучшить свой перформанс, не упустите его. Хороших выходных, и готовьтесь к новому месяцу, будет очень интересно."
2023-10-03,17:42,562,TRADE_ANALYSIS,,,,,,,,,0,0,,https://youtu.be/Ncs37G6xnvk,,"Trade Analysis | Market Notes Старался максимально детализировать логику открытия и алгоритм входа, а также заметки, которые были использованы для формирования торгового плана и его выполнения. Получилось немного дольше, чем ожидал, 18 минут, но, надеюсь, вы найдёте в видео пользу для себя. Советую обратить особое внимание на заметки в конце видео. https://youtu.be/Ncs37G6xnvk Приятного просмотра!"
2023-10-05,11:51,571,NOTE,,,,,,,,,0,1,,,,"Добрый день! Бонус #1 Дополнил одну из наиболее полезных заметок в последнее время, которая помогла формировать эффективный торговой план в контексте текущего тренда. В скором времени также выйдет видео с детальным обзором и примерами. Рекомендую уделить особое внимание логике доставки цены в примерах, а также тезисах в заключении. Надеюсь, это принесёт вам пользу. Market Note: Raid into Continuation Zone"
2023-10-06,12:37,576,CHART,EURUSD,Short,,,FVG,,D1,,2,0,https://www.tradingview.com/x/xlGWT9pg/|https://www.tradingview.com/x/xlGWT9pg/,,,"EURUSD https://www.tradingview.com/x/xlGWT9pg/ Стоит обратить внимание на логику, которая присутствует на графике. Weekly EQL выступает как Retracement Trigger, который доставляет цену к: зоне ликвидности, неэффективности или проторгованного объёма. D1 FVG не показал превалирование объема продаж, потому не смог толкнуть цену по тренду. На что это указывает? На высокую вероятность доставки к зоне ликвидности, а именно D1 Fractal High. Стоит абстрагироваться от шума на младших периодах и держать в голове то, что главная цель [Main Objective], а именно Monthly FVG не изменилась. А если синхронизировать это с вероятность доставки до D1 Fractal High согласно логике Retracement Trigger, то можно предположить, что именно D1 Fractal High выступит как Continuation Trigger для доставки цены к Monthl"
2023-10-07,11:52,577,REVIEW,,,,,,,,,0,0,,https://youtu.be/Ncs37G6xnvk,,"Добрый день! https://youtu.be/Ncs37G6xnvk Прошедшая неделя выдалась непростой для многих судя по количеству запросов сделать ее разбор. Bias vs Price выйдет сегодня с детальным разбором текущей недели, заметками, а также ошибками, которые были сделаны. Потому рекомендую уделить этому видео особое внимание. А пока советую пересмотреть анализ единственной позиции, которая была открыта в понедельник."
2023-10-07,20:00,578,REVIEW,EURUSD,,,,,,,,0,0,,https://youtu.be/YA5r-iIZL0s,,"Bias vs Price https://youtu.be/YA5r-iIZL0s Детально проанализировал движение цены по EU за 02.10 — 06.10. Выделил несколько заметок, которые будут полезны в дальнейшем анализе, а также потенциальные позиции и описал логику доставки цены в течении недели. Надеюсь, данное видео принесёт вам пользу и внесёт ясность в движения прошедшей недели. Приятного просмотра!"
2023-10-08,14:20,579,TRADE_ANALYSIS,,,,,,,,,0,1,,,,"Провёл детальный анализ недели с точки зрения логики и использованных заметок. Monday Breakdown Делюсь с вами анализом логики доставки цены в понедельник (02.10), а также потенциальной позицией и заметками, которые помогли выстроить эффективный торговой план."
2023-10-10,08:53,581,PLAN,EURUSD,,,,FVG|RB|OB,,W1|D1|H4|H1,,4,0,https://www.tradingview.com/x/6LAPfuVz/|https://www.tradingview.com/x/b6h0Mq14/|https://www.tradingview.com/x/3iwIGaYG/|https://www.tradingview.com/x/k2cpxiPH/,,,"Trading Plan [EU 10.10.23] Plan Chart D1 Цена получила rejection и повторно закрылась телом внутри OB / RB на D1 в контексте Weekly EQL Raid / D1 FVG Rebalance, что выступает бэкграундом для объема покупок и формирует гипотезу о высокой вероятности продолжения движения к W1 FVG как Main Objective. (Вспоминаем заметки о Counter-FVG из последнего видео) Chart H4 В контексте того, что гипотеза уже сформирована необходимо найти точку опоры. H4 FVG в контексте H4 OB 0.5 Rejection выступает ключевой опорной точкой и дополнительным подтверждением гипотезы, а именно того, что объем покупок превалирует. Chart H1 H1 FVG в синхронизации с H4 FVG как признак того, что объем правилирует и H1 Fractal Low как potential continuation trigger. Таким образом, гипотеза сформирована, опорная точка выделена, да"
2023-10-10,12:19,583,CHART,EURUSD,,,,,,,,2,0,https://www.tradingview.com/x/m27wpsQe/|https://www.tradingview.com/x/m27wpsQe/,,,"Result [EU 10.10.23] https://www.tradingview.com/x/m27wpsQe/ Надеюсь, вы извлекли пользу для себя из этого плана и монетизировали его."
2023-10-10,13:33,587,PLAN,,,,,,,,,0,0,,,,"Есть идея сделать рубрику «Trading Plan» регулярной. Идея состоит в том, чтобы загружать утром план и потом делать его детальный анализ, а именно: • ошибки • что сделано правильно • позиции • заметки Таким образом, получим Pre-Session / Post-Session Analysis. Периодически буду делиться здесь."
2023-10-11,18:42,588,NOTE,EURUSD,Short,,,FVG,,W1|D1,,2,1,https://www.tradingview.com/x/ImlLcY8l/|https://www.tradingview.com/x/uh7r1lSU/,,,"Рыночные закономерности | Заметки Одним из ключевых преимуществ, которые вы можете системно развивать для улучшения своих навыков являются осознанные наблюдения за движением цены в формате записей. Я избегаю «паттернизации» и не подгоняю похожие на первый взгляд сценарии под логику единого паттерна, меня интересует логика доставки, которая спровоцировала аналогичный сценарий. Хочу обратить ваше внимание на сегодняшний сценарий на паре EURUSD, а также имплементацию заметок, которые были сделаны ранее. Цена достигла W1 FVG и сняла D1 Fractal High, но в контексте реакции не смогла показать силу объема продаж путём консолидации в контексте PDH Raid, а также формирования зоны EQL как локального триггера. 📈Заметка, которая была сделана ранее: «Если цена в контексте HTF Fractal Raid формирует кон"
2023-10-12,10:49,591,NOTE,EURUSD|DXY,,,,FVG,,W1|D1|H4,,4,0,https://www.tradingview.com/x/CJghnAfJ/|https://www.tradingview.com/x/2i8LFyYr/|https://www.tradingview.com/x/5mg7f9PO/|https://www.tradingview.com/x/ZYaACNes/,,,"EU Analysis [Logic | Note] D1 | H4 Итак, давайте абстрагируемся и посмотрим на график EU сквозь призму логики. Стоит обратить внимание на то, что цена в контексте Weekly EQL Raid сформировала D1 FVG, который был ребалансирован и спровоцировал rejection. Таким образом, было ожидаемо, что коррекция затянется. На данный момент, цена заполнила W1 FVG как ближайшую зону неэффективности и сняла D1 Fractal High как потенциальный Continuation Trigger. Но стоит обратить внимание на то как цена была доставлена до потенциальной зоны продолжения, а именно — путём формирования Trendline Liquidity, что является прямым индикатором слабости и высокой вероятности продолжения нисходящего тренда. А если вспомнить мою заметку: «Fractal Raids в контексте сильного тренда доставляют цену в зоны ликвидности, неэф"
2023-10-12,18:22,592,REVIEW,EURUSD,,,,FVG,,D1|H4|H1,,4,0,https://www.tradingview.com/x/3Nd0Yc7i/|https://www.tradingview.com/x/oUGyfedQ/|https://www.tradingview.com/x/5L8siUbM/|https://www.tradingview.com/x/ZYaACNes/,,,"EU Post-Session Analysis D1 | H4 | H1 План себя отработал на 100%. Цена произвела экспансию на релизе CPI и достигла локальной цели на основе логики, которая была описана ранее. Стоит выделить ключевые переменные, которые помогли сформировать эффективный анализ, а именно: • Trendline Liquidity • Характер доставки цены на D1 • Валидность D1 OF • Заметка Также, обратите внимание на доставку в контексте триггера в виде PDH и H1 FVG Rebalance. В подобных движениях участия не принимаю, просто спортивный интерес. Надеюсь, вы вынесли для себя пользу из сегодняшнего дня."
2023-10-13,11:01,595,NOTE,,Short,,,FVG,,D1|H4|H1|M15,,0,1,,,,"Логика | Опыт | Заметки > Сухая техника Очередной пример отработки заметок, которые формируют преимущество на рынке и в данной ситуации помогли избежать спешки в открытии шорт-позиций. Цена протестировала H4 FVG как ключевую опорную точку и зародила локальный тренд, который спровоцировал трейдеров открывать позиции в шорт. Логично ли это было с точки зрения техники? Абсолютно. D1 Bearish -> H4 FVG -> M15 Reversal -> Continuation Trade Эффективно ли было это? Нет. Обратите внимание на заметки: 1. Цена в контексте теста H4 FVG была доставлена в H1 FVG как ключевую проблемную зону, и согласно заметке доставка в FVG повышает вероятность пересвипа. Можем ли мы опираться только на одну заметку для подобных утверждений? Конечно нет, потому смотрим дальше. 2. Цена была доставлена в H1 FVG на откры"
2023-10-14,10:08,600,REVIEW,,,,,,,,,0,0,,https://youtu.be/UbChdajIU0g,,"Доброе утро https://youtu.be/UbChdajIU0g Выходные — лучшее время чтобы формировать свое преимущество на рынке. Потому я рекомендую повторно пересмотреть видео о алгоритме и особенностях проведения бэктеста. Также, появилась идея выпустить Bias vs Price, но в формате презентации с детальным разбором логики движения, а также заметкок."
2023-10-14,15:29,601,NOTE,EURUSD,,,,FVG,,W1,,1,1,https://www.tradingview.com/x/rX3XJ5Qu/,,,"Также, советую пересмотреть данную заметку и изучить очередной пример ее отработки: Market Note: Raid into Continuation Zone И после этого откройте график EURUSD: EU W1 Chart В контексте чего цена была доставлена в W1 FVG? Какая была реакция в результате доставки? Почему? Стандартные вопросы которые помогут значительно лучше понимать доставку цены и, как следствие, строить более эффективный нарратив."
2023-10-16,10:18,603,REVIEW,,,,,,,,,0,1,,,,"Сегодня/завтра также выйдет видео Bias vs Price с детальным анализом прошедшей недели в виде презентации. Пусть текущая неделя принесёт вам много опыта и сделает ваше преимущество на рынке ещё сильнее. Хорошей торговой недели, будет интересно."
2023-10-16,18:15,605,ANALYSIS,EURUSD|DXY,Short,,,FVG,,1M|W1|D1|H1,,5,0,https://www.tradingview.com/x/dXgUCR76/|https://www.tradingview.com/x/S8VIR8Pu/|https://www.tradingview.com/x/8IF4eogJ/|https://www.tradingview.com/x/BQeySNxD/|https://www.tradingview.com/x/ZYaACNes/,,,"EURUSD Итак, давайте посмотрим на чарт с логической точки зрения… D1 | H1 Какой общий нарратив? Здесь много думать не нужно. Стоит просто вспомнить данную заметку и отследить движение цены. Цена заполнила W1 FVG в контексте Weekly EQL [Retracement trigger] и получила Rejection как первичный признак силы тренда. В контексте W1 FVG FF цена также произвела D1 Fractal High Raid и сформировала D1 FVG как признак того, что объём продаж превалирует. Таким образом, очевидно, что вероятность продолжения нисходящего тренда является высокой. Какие таргеты? Очевидно. Поскольку тренд остаётся нисходящим «…пока не доказано обратное», то первичным таргетом будет выступать W1 Fractal Low и с FTA в виде D1 Fractal Low. Основной целью все так же остаётся 1M FVG. Как действовать? Поскольку у вас уже сформиро"
2023-10-17,12:30,607,PLAN,,,,,,,,,0,1,,,,"Добрый день Рубрика Trading Plan теперь будет выходить на регулярной основе — не ежедневно, но периодически. Будем анализировать отработку, заметки и ошибки. Также, сегодня выйдет видео Bias vs Price с презентацией анализа прошлой недели."
2023-10-18,10:59,609,REVIEW,,,,,,,,,0,0,,https://youtu.be/iVuRZTQ0c94,,"Доброе утро! https://youtu.be/iVuRZTQ0c94 Bias vs Price уже на канале. Прошу прощения, вчера не успел сделать качественно, потому сегодня сделал ещё детальнее чем планировал. Обратите особое внимание на заметки в конце видео. Надеюсь, оно принесёт вам пользу. Приятного просмотра!"
2023-10-20,12:11,610,REVIEW,EURUSD,,,,FVG,,D1|H4,,2,0,https://www.tradingview.com/x/GXoBcH7M/|https://www.tradingview.com/x/qM6WCKPg/,,,"EURUSD H4 | D1 График можно назвать маргинальным, потому давайте разберёмся. D1 FVG не смог толкнуть цену дальше по тренду, о чем это говорит? Ответ очевиден — о слабости, поскольку если вспомнить главный тезис сильного тренда «Цена продолжает движение от ближайших неэффективностей», то в данном случае заминка внутри D1 FVG является первичным признаком, что объем покупок превалирует локально. Стоит посмотреть на картину шире, потому обратимся к H4. Куда была доставлена цена в контексте реакции на D1 FVG? Она сняла H4 Trendline Liquidity, в результате чего произошел импульс с H4 FVG как первичным признаком объема. При этом цена сняла D1 Fractal High в зоне наиболее проторгованного объема на D1 и это можно интерпретировать как бэкграунд для продолжения нисходящего тренда. Подтверждено ли это"
2023-10-21,11:59,612,ANALYSIS,EURUSD,,,,,,,,2,1,https://www.tradingview.com/x/MRdfH11y/|https://www.tradingview.com/x/I4f4DJ2z/,,,"Low-Probability Market Environment Умение распознавать рыночные условия, которые заведомо несут более низкую вероятность отработки ваших сценариев — не менее важный навык, чем умение определять высоковероятные нарративы. «Хорошие позиции брать не трудно, трудно не делать глупых ошибок между ними» — Том Данте Простыми словами, необходимо знать не только когда нужно торговать, но нужно также знать когда этого делать не стоит и «лучше пойти на рыбалку…» как говорил Ливермор. Перед вами 2 графика по EU: Chart 1 | Chart 2 В первой ситуации я был активным участником рынка поскольку расценивал это как high-probability environment, что дало возможность успешно монетизировать свои нарративы. Во второй ситуации график был для меня маргинальным, то есть я не мог выявить направление с наибольшей вероя"
2023-10-22,14:34,614,PLAN,,,,,,,,,0,0,,https://youtu.be/dcwjSUdNZRQ,,"Добрый день https://youtu.be/dcwjSUdNZRQ В данном видео Bias vs Price максимально детально объяснил логику доставки цены на прошлой торговой неделе, а также выделил заметки которые были сделаны. Надеюсь, данное видео внесёт ясность в вообще понимание доставки цены и поможет сформировать более эффективный торговый план. Приятного просмотра!"
2023-10-23,12:26,616,NOTE,,,,,Market,,,,0,1,,,,"The Edge Community открывает свою дверь Если вы столкнулись с проблемной «торговой стагнации», у вас отсутсвует четкая и синхронизированная структура анализа своего перформанса, то это то место где ваш трейдинг перевернется. Внутри Edge вы найдёте: • Крупнейшую Notion Database, которая состоит из практически полезной информации, а не теории: заметки, статьи, демоны, анализы PA и многое другое. • Алгоритм A -> B: Стратегия в одной формуле, которая уничтожает проблему паттернизации и дает вам шанс взглянуть на рынок сквозь призму объективности. • Возможность получить полностью автоматизированный workspace, который отслеживает ваши торговые ошибки, демонов, синхронизирует это все в данные и статистику и тем самым упрощает процесс анализа перформанса. • Регулярные конференции на необходимые те"
2023-10-23,14:23,626,REVIEW,,,,,,,,,0,0,,https://youtu.be/dcwjSUdNZRQ,,"Bias vs Price В качестве подготовки к просмотру, рекомендую пересмотреть Bias vs Price прошедшей недели для лучшего понимания бэкграунда и логики. https://youtu.be/dcwjSUdNZRQ"
2023-10-24,09:32,627,ANALYSIS,EURUSD|DXY,,,,FVG|SNR,,W1|D1,,3,0,https://www.tradingview.com/x/gnq8STiA/|https://www.tradingview.com/x/O2XVIuxj/|https://www.tradingview.com/x/O2XVIuxj/,,,"EURUSD Analysis Для эффективного построение плана нам нужно всего лишь 2 графика: EU D1 | DXY D1 В первую очередь, стоит сделать Zoom Out. Как сказал один умный человек: «мы никогда не знаем глубину коррекции», потому на данный момент не имеет смысла «разворачивать цену». Тем не менее, обратите внимание на то куда была доставлена цена на DXY, а именно это W1 Fractal Low / FVG. Является ли эта зона значимой? Ответ очевиден. EU в свою очередь была доставлена в SNR [Проторгованный объем], который с большей вероятностью спровоцирует реакцию в синхронизации с реакцией на DXY. Кульминация: на данный момент утверждать, что цена развернулась рано, поскольку отсутствуют какие-либо признаки того, что объем превалирует. Тем не менее, прямым индикатором для меня, что цена развернулась в среднесрочной "
2023-10-24,12:16,628,CHART,EURUSD|DXY,,,,SNR,,H4,,1,0,https://www.tradingview.com/x/f5D7IkyF/,,,EU Chart Идея нисходящей реакции на релизе новостей в контексте H4 SNR & DXY себя отработала. Закрытие дня будет указывать на среднесрочную перспективу для движения.
2023-10-25,09:30,636,TRADE_IDEA,,,,,,,,,0,0,,https://youtu.be/nkIJN6-wIEM,,"Доброе утро! https://youtu.be/nkIJN6-wIEM В данном видео я детально проанализировал особенности инвалидации торговой идеи / нарратива / позиции сквозь призму элементов PA. Это одна из регулярных конференций на сервере, тематика зависит от потребности. Надеюсь, данное видео принесёт вам пользу и внесёт хоть часть ясности в понимание инвалидации элементов PA, а также нарративов. Приятного просмотра и хорошего торгового дня."
2023-10-27,14:59,649,NOTE,EURUSD,,,,FVG,,D1,,0,1,,,,"EU Market Note [Пример] Обратите внимание на график EU. • Откуда пришла цена? • Что она сформировала? • Куда привёл D1 Fractal Raid? • Почему цена так отреагировала в контексте теста D1 FVG? Просто, не так ли?"
2023-10-27,15:00,650,NOTE,EURUSD,,,,FVG,,W1,,1,1,https://www.tradingview.com/x/rX3XJ5Qu/,,,"Также, советую пересмотреть данную заметку и изучить очередной пример ее отработки: Market Note: Raid into Continuation Zone И после этого откройте график EURUSD: EU W1 Chart В контексте чего цена была доставлена в W1 FVG? Какая была реакция в результате доставки? Почему? Стандартные вопросы которые помогут значительно лучше понимать доставку цены и, как следствие, строить более эффективный нарратив."
2023-10-28,10:09,653,TRADE_IDEA,,,,,,,,,0,0,,https://youtu.be/nkIJN6-wIEM,,Доброе утро! https://youtu.be/nkIJN6-wIEM На данный момент крайне много идей / потребности / работы относительно контента на YouTube. Но я принял решение не спешить с публикацией чтобы информация «усваивалась» постепенно. Потому прежде чем опубликую следующее видео — рекомендую пересмотреть данное видео о инвалидации торговых идей / планов / позиций. На этих выходных опубликую несколько полезных постов. Хороших выходных и не забывайте работать над своим EDGE.
2023-10-28,15:40,654,REVIEW,,,,,,,,,0,1,,,,Продолжаем рубрику Bias vs Price?
2023-10-29,11:44,656,NOTE,,,,,,,,,0,1,,,,"Доброе утро! Сегодня попробуем частично подготовиться к новой торговой неделе. Это будет включать в себя: • Психологическую составляющую • Техническую составляющую • Улучшение анализа перформанса • Полезная заметка Всегда подчеркиваю, что ваше преимущество на рынке формируется путем системных и эффективных действий, потому сегодня покажу пример."
2023-10-29,14:16,662,REVIEW,,,,,,,,,0,0,,https://youtu.be/Tvt3FQe97V0,,"Step 2: Техническая подготовка к торговой неделе Тема: Bias vs Price https://youtu.be/Tvt3FQe97V0 Один из самых длинных и, наверное, самых информативных эпизодов Bias vs Price. На протяжении всего видео выделил большое количество заметок, которые были использованы. Уверен, что будет интересно и полезно. Приятного просмотра!"
2023-10-30,08:17,663,PLAN,EURUSD,Long,,,IDM|FVG|SNR|OB,,D1|H4|H1,,3,1,https://www.tradingview.com/x/c748iLaO/|https://www.tradingview.com/x/EvFRmyEP/|https://www.tradingview.com/x/3vrJjnwQ/,https://youtu.be/JJ5VRQVOY9A,,"Доброе утро! Давайте рассмотрим график по EU и сформируем торговый план. [D1 Chart] График на D1 является маргинальным поскольку цена получила rejection от 2 KL, а именно D1 Fractal Low (internal), D1 FVG. Таким образом, мы не можем утверждать, что вероятность движения в одну из сторон превалирует сугубо на основе доступных переменных, потому необходимо сделать zoom in. Цена находится внутри Friday Range, потому рекомендую пересмотреть видео о данной заметке. [H4 Chart] Здесь становится интересно. В контексте D1 Fractal Raid цена сформировала H4 SNR, как первичный признак того, что объем покупок превалирует. При этом, в контексте D1 FVG Rebalance цена не показала признаков силы продаж. Отсюда, можно предположить, что вопреки маргинальности D1, вероятность смещается на сторону лонгов. Согла"
2023-11-03,09:47,669,NOTE,,,,,,,,,0,1,,,,"Доброе утро! Брал небольшой отпуск для перезарядки перед финальным месяцем в этом году. С завтрашнего дня full-work mode. Будет много интересного на YouTube и по чартам. Начнём с заметки и структуры Weekly Performance Analysis, а также подготовимся к следующей торговой неделе."
2023-11-04,20:53,672,NOTE,,,,,FVG,,,,0,1,,https://youtu.be/UKnYPlsKKMw,,"Market Note: FVG INVALIDATION [TA] В данной заметке я постарался максимально детально донести логику инвалидации и «актуальности» FVG как переменной и проблемной зоны. Notion Note YouTube video Приятного просмотра и, надеюсь, это принесёт вам пользу."
2023-11-07,11:56,680,PLAN,,Long,,,FVG,,D1|H4|H1,"X TF TA -> X TF POI, поскольку D1 FVG указывает на то, что объем покупок все ещё превалирует",4,1,https://www.tradingview.com/x/UBViLeXD/|https://www.tradingview.com/x/wL2DACT0/|https://www.tradingview.com/x/KVHqGaag/|https://www.tradingview.com/x/KVHqGaag/,,,"Trading Plan 07.11 — 08.11 [D1 Chart] Глядя на график необходимо ответить на ключевые вопросы: откуда и куда. В контексте D1 Fractal Raid как триггер цена пришла в D1 Fractal High, который является потенциальным retracement trigger. Важным аспектом является формирование D1 FVG согласно формуле X TF TA -> X TF POI, поскольку D1 FVG указывает на то, что объем покупок все ещё превалирует. Таким образом, D1 FVG ключевая опорная точка. [H4 Chart] Здесь стоит обратить внимание на реакцию цены на D1 Fractal Raid. Базовый принцип силы подразумевает, что в контексте сильного тренда цена не формирует глубоких корррекций поскольку объем противоположной стороны является слабым. В данном случае цена сформировала H4 FVG как признаки того, что в контексте D1 Fractal High Raid в рынок поступил объем прода"
2023-11-08,12:06,681,ANALYSIS,DXY,Short,,,FVG,,1M|D1,,2,0,https://www.tradingview.com/x/h6cyAytP/|https://www.tradingview.com/x/h6cyAytP/,,,"DXY https://www.tradingview.com/x/h6cyAytP/ Не могу не поделиться таким чартом. Для анализа я бы предпочёл исходить из обратного, а именно: если продажи не показали силу, то нужно задать вопрос “А что если?” Цена консолидировалась весь октябрь, в результате чего получила сильный нисходящий импульс, который доставил ее в 1M FVG. Согласно базовым понятиям Strong OF, если бы данное нисходящее движение было истинным, то цена бы с большей вероятностью продолжила его от ближайшей неэффективности, т.е. D1 FVG. Этого не произошло. Отсюда мы можем предположить: • Консолидация длинною в октябрь была фазой “A” • NFP манипуляция на открытии ноября “M” (синхрон с 1M FVG) • Отсутствие реакции на ближайший D1 FVG подтвердит данную идею *Октябрь был низковолатильным, а учитывая, что банковским клеркам нуж"
2023-11-09,07:59,683,PLAN,EURUSD,Long,,,FVG|SNR|RB,,D1|H4|H1|M15,X-1 TF Confirmation (H1 Displacement / SNR) ;; X-1 TF TF Trigger -> X-2 Confirmation (H1 Fractal Raid / M15 Displacement),4,0,https://www.tradingview.com/x/r9B5slVD/|https://www.tradingview.com/x/NFJksKOF/|https://www.tradingview.com/x/7gXAQRxW/|https://www.tradingview.com/x/aNwSuwC5/,,,"Доброе утро Давайте посмотрим на чарт EU и составим торговый план. [Plan] [D1 Chart] | [H4 Chart] | [H1 Chart] В данной ситуации я не могу быть предвзят относительно более высокой вероятности определенного направления, потому план буду выстраивать на основе адаптации. • Цена получила D1 Rejection по обе стороны (Bearish - liquidity, bullish - SNR), что формирует маргинальность. Чтобы получить дополнительные переменные делаем zoom in. • В контексте D1 Rejects D1 (SNR) цена сформировала H4 Fractal Raid -> H4 SNR+FVG, как признаки того, что объем покупок превалирует. Логично ли предположить, что H4 FVG Rebalance + H4 SNR test приведет цену выше? Вопрос риторический. • Таким образом, в случае ребаланса H4 FVG и теста H4 SNR эта зона выступит как опорная для поиска позиций в лонг, но куда... В "
2023-11-09,20:08,684,NOTE,,,,,,,,,2,0,https://www.tradingview.com/x/gRa7ZjzE/|https://www.tradingview.com/x/gRa7ZjzE/,,,"https://www.tradingview.com/x/gRa7ZjzE/ Идея себя отработала. Завтра сделаю детальный анализ с разбором позиций, логикой и заметками."
2023-11-12,11:18,693,REVIEW,,,,,,,,,0,1,,,,"Доброе утро Сегодня выйдет видео Bias vs Price, в котором детально разберу движение прошедшей недели и позиции. Она была крайне информативной и интересной, потому видео будет полезным. Пока рекомендую пересмотреть видео о WPA и провести его самостоятельно."
2023-11-12,17:52,696,REVIEW,,,,,,,,,0,1,,,,"Как вам видео о Weekly Performance Analysis? В следующем также закрою одну из наиболее важных проблем. Stay tuned. Bias vs Price решил выпустить завтра, чтобы разогреться перед торговой неделей."
2023-11-12,17:57,698,REVIEW,,,,,,,,,0,1,,,,Решил на этой неделе поделиться торговым планом на ежедневной основе. • Он будет публиковаться в 08:00 - 09:00 по Киеву. • Post-Session Analysis буду публиковать в 18:00 - 20:00. Будем нарабатывать практический опыт.
2023-11-13,08:00,702,PLAN,EURUSD,,,,FVG|SNR|RB|OB,,D1|H4|H1,X TF [A] -> X-1 TF [Trigger] -> X-2 TF [Confirmation] ;; X TF [Trigger] -> X-1 TF [Confirmation],1,0,https://www.tradingview.com/x/AU25xUB9/,,,"Trading Plan 13.11.2023 [Chart EU H1] Цена находится внутри Friday Range, следовательно, нам нужен триггер для выхода из него. С точки зрения HTF Background, а именно D1 Fractal Low Raid -> H4 RB -> Rejection, вероятность снятия Friday High превалирует. Таким образом, как локалькую опорную точку я возьму OB, который делал H1 Fractal Raid внутри H4 RB. Триггерами будут выступать H1 Fractal Lows. Внутри H1 OB я буду действовать по формуле: • X TF [A] -> X-1 TF [Trigger] -> X-2 TF [Confirmation] В случае доставки в H1 FVG внутри SNR я буду действовать по формуле: • X TF [Trigger] -> X-1 TF [Confirmation] Понедельник без новостей перед CPI точно не high-probability environment, потому я буду осторожен относительно execution."
2023-11-13,14:53,703,PLAN,,,,,,,,,2,0,https://www.tradingview.com/x/tWlT1Szt/|https://www.tradingview.com/x/tWlT1Szt/,,,https://www.tradingview.com/x/tWlT1Szt/ План отработал. Возможности для монетизации в рамках моей стратегии не предоставили (ордер не налило). Вечером будет детальный post-session анализ с логикой и заметками по дню. Trading Plan 1/1 Trades: 0/0
2023-11-13,17:31,704,REVIEW,,,,,,,,,0,1,,,,"Post-Session Analysis 13.11.23 Провел детальный Post-Session Analysis. Рекомендую к прочтению. План отработал, потому относительно не информативный. На протяжении недели соберём базу данных из информации и в пятницу опубликую итог чему можно было научиться на эту торговую неделю. Post-Session Analysis"
2023-11-13,20:15,705,REVIEW,,,,,,,,,0,0,,https://youtu.be/QpB2R3QMX3U,,Bias vs Price 06.11 — 10.11 https://youtu.be/QpB2R3QMX3U Детально описал логику доставки цены. В конце видео выделил 2 наиболее полезные заметки на данный момент. Приятного просмотра.
2023-11-14,08:18,707,PLAN,EURUSD,,,,FVG|SNR|RB,,D1|H4|H1,,2,0,https://www.tradingview.com/x/KERTQ322/|https://www.tradingview.com/x/FlJyQ6ya/,,,"Trading Plan 14.11.2023 [Chart EU H1] | [Chart EU H4] Мой execution в рамках сегодняшнего дня закончится на написании данного плана поскольку предпочитаю ""сходить на рыбалку"" в дни CPI, когда цена консолидируется или ее диапазон движения сужается. С точки зрения общего нарратива ничего не изменилось. Цена протестировала D1 SNR, как и ожидалось, данная зона выступает подтверждением counter-volume в синхронизации с D1 Retracement Trigger и слабостью D1 FVG как ближайшей неэффективности, что подразумевает инвалидацию strong OF и доставку к последующему элементу PA в рамках P/A array — D1 FVG Discount. При этом вопрос: откуда? Потенциальной опорной зоной все еще является D1 SNR, который может толкнуть цену в дискаунт. При этом я не удивлюсь, если цена также сможет ""зайти повыше"" и протестирова"
2023-11-14,16:12,708,REVIEW,,,,,,,,,0,1,,,,"Благодарю всех за активность на YouTube. Получаю фидбэк на ежедневной основе в лс, что не может не мотивировать улучшать качество и информативность контента. Сегодня крайне интересный день с точки зрения доставки цены, потому Post-Session Analysis будет особенно детальным, а пока рекомендую пересмотреть Bias vs Price прошедшей недели."
2023-11-15,08:13,709,REVIEW,,,,,,,,,0,1,,,,"Post-Session Analysis 14.11.23 В данном анализе я добавил часть видео-записи конференции разбора данной ситуации вечером на сервере. Указал основные тезисы, которые были выведены в рамках разбора торгового дня. Файл большой, рекомендую читать вдумчиво. Post-Session Analysis"
2023-11-15,08:55,710,PLAN,,Long,,,FVG|RB|OB,,D1|H4|H1,,3,0,https://www.tradingview.com/x/MvQfVqiQ/|https://www.tradingview.com/x/1vlNorKu/|https://www.tradingview.com/x/2FAGximp/,,,"TDA & Trading Plan 15.11.23 Для формирования TDA и торгового плана мне потребуется всего 3 графика. [D1 Chart] | [H4 Chart] | [H1 Chart] • В рамках экспансии цена была доставлена в D1 OB, который находится внутри strong high и выступает значимой проблемной зоной для движения в лонг. Это формирует маргинальность D1 и потребность в новых переменных. • С точки зрения H4 цена получила rejection от H4 FVG внутри D1 OB и сформировала Rejection Block, который можно расценить как локальное проявление объема, при этом я не расцениваю эту переменную как значимую ввиду экспансии. • H1 не предоставляет значимой информации. Trading Plan У меня существует правило, что в дни после значимых экспансий я предпочитаю «сходить на рыбалку», потому сегодня также действую по вчерашней формуле получения бесплатно"
2023-11-15,18:28,714,REVIEW,,,,,RB,,H4|H1,,0,1,,,,"Post-Session Analysis 15.10.2023 Решение «пойти на рыбалку» себя оправдало. Цена, как и ожидал, получила краткосрочную коррекцию в рамках теста H4 RB, а также H1 Fractal High Raid как триггера, но эффективных возможностей для execution не предоставили. Анализ плана вы можете найти здесь: Post-Session Analysis"
2023-11-16,09:04,716,PLAN,,Long,,,VC|FVG|SNR|RB|OB,,D1|H4|H1|M15,X TF POI [SNR] -> X-1 TF Trigger [H1 Fractal High] -> M15 Confirmation & Execution ;; X TF POI [H4 Fractal PDL] -> X-1 Volume Confirmation -> X-2 Displacement & Execution,2,0,https://www.tradingview.com/x/eTQUhl5A/|https://www.tradingview.com/x/aV0o4dQe/,,,"Trading Plan 16.11.23 [H4 Chart] | [H1 Chart] В текущих условиях рынка в первую очередь должна присутствовать осторожность с позициями, поскольку ""мы никогда не знаем глубины коррекции"". Цена получила rejection от D1 OB, при этом находится внутри D1/H4 FVG, таким образом приоритетной переменной на данный момент является подтверждение объема. В контексте D1 OB Rejection цена сформировала H4 SNR [Raid / RB], которая можно расценивать как первичный признак того, что объем продаж превалирует. Поскольку цена в премиум и подтвердила bearish counter-volume, то поиск позиций в шорт является рациональным по формуле: • X TF POI [SNR] -> X-1 TF Trigger [H1 Fractal High] -> M15 Confirmation & Execution С точки зрения лонга, цена сняла H4 Fractal PDL / D1 FVG. Если расценивать H4 Fractal PDL как точку "
2023-11-17,08:51,719,PLAN,,Short,,,FVG|OB,,D1|H4,,2,0,https://www.tradingview.com/x/DdzOhSiN/|https://www.tradingview.com/x/rMhmevIR/,,,"TDA & Trading Plan [H4 Chart] | [D1 Chart] Снова для формирования нарратива и плана понадобится всего 2 графика. В рамках реакции на D1 FVG цена была повторно доставлена в зону D1 OB (Strong high), внутри которого произвела D1 Fractal High Raid и получила Rejection как первичный признак поступления объема продаж. Таким образом, можно предположить, что вероятность retracement является высокой на основе counter-volume. При этом, чтобы утверждать о высокой вероятности retracement необходимо получить дополнительные переменные на следующей цепочке TDA, а именно H4. Поскольку H4 не предоставляет подтверждений о том, что превалирует объем продаж, то график является маргинальным и формирует Low-Probability Environment. Один из правил стратегии является ожидание новых переменных в случае маргинальн"
2023-11-17,09:32,720,REVIEW,,,,,,,,,0,1,,,,"Post-Session Analysis 16.11.23 Post-Session Analysis День был крайне интересным и информативным. Сделано много заметок, которые я опишу в Bias vs Price на выходных. Также, я сделаю детальный анализ планов / TDA за данную торговую неделю и сформирую это все в notion-файл вместе с bias vs price. Неделя была «слабой» по позициям, потому ради интереса, возможно, продолжу эту рубрику ещё и на следующей."
2023-11-18,11:30,724,REVIEW,,,,,,,,,0,1,,,,"Доброе утро! Сегодня выйдет детальный Bias vs Price, а завтра я добавлю notion-файл с анализом недели, заметками и ошибками. Используйте выходные чтобы перезагрузится и хоть немного повысить свой edge на рынке."
2023-11-19,12:30,725,REVIEW,,,,,,,,,0,0,,https://youtu.be/02cQ58h-BNQ,,"Bias vs Price https://youtu.be/02cQ58h-BNQ Постарался детально разобрать логику, заметки и доставку в рамках прошедшей недели. Приятного просмотра."
2023-11-19,13:24,726,REVIEW,,,,,,,,,0,1,,,,Продолжаем рубрику Pre/Post-Session Analysis на этой неделе?
2023-11-20,07:55,727,PLAN,EURUSD,,,,FVG|SNR|OB,,W1|D1|H4|H1,,4,0,https://www.tradingview.com/x/HtSKUFMp/|https://www.tradingview.com/x/bvkIxczw/|https://www.tradingview.com/x/Broncvfp/|https://www.tradingview.com/x/ujfHTDdL/,,,"Доброе утро. EU Pre-Session Analysis 20.11.22 [W1 Chart] Цена ускорилась и была импульсно доставлена к W1 Fractal High как высоковероятным таргетом. Свеча закрылась по-бычьи практически без rejection, что указывает на силу импульса. При этом чарт не предоставляет значимой информации поскольку ключевой зоной выступает W1 Fractal High, который является потенциальным retracement trigger. [D1 Chart] Вопреки тому, что цена была доставлена в strong high [OB] и получила rejection, она продолжила восходящее движение от ближайшей неэффективности, что указывает на strong OF. Также, она сформировала D1 SNR, как потенциальную опорную точку локально. [H4 Chart] Цена сформировала H4 FVG как признак того, что объем покупок превалирует, потому данный FVG выступает как опорная точка в синхронизации с D1 SN"
2023-11-20,07:56,728,PLAN,,Long,,,FVG|SNR|RB,,W1|D1|H4,"X TF FTA -> X TF POI"" ;; X-1 TF и ждать отчетливых подтверждений объема",2,0,https://www.tradingview.com/x/4G8XMeQN/|https://www.tradingview.com/x/QQC5PfWH/,,,"Trading Plan [H4 Chart] Гладя на чарт вспоминаю свою заметку о том, что цена снимает ключевые уровни не сразу, а как правило, делает retracement до ближайшей неэффективности, ликвидности или проторгованного объема. Таким образом для поиска позиций в лонг я хочу получить коррекцию до D1 SNR как опорной точки в синхронизации с H4 FVG. [D1 Chart] Цена была доставлена до D1 RB, который все также выступает проблемной зоной, таким образом, это можно синхронизировать с заметкой и предположить, что D1 RB выступит как retracement trigger согласно формуле ""X TF FTA -> X TF POI"". С точки зрения execution — я не буду смотреть лонг от ближайшей H4 неэффективности и дам цене ""подышать"". При этом в случае доставки в D1 SNR / H4 FVG я буду готов нажать кнопку Buy. Шорт-позиции на данный момент рассматрива"
2023-11-20,18:40,730,REVIEW,,,,,,,W1,,0,1,,,,"Post-Session Analysis 20.11.23 Post-Session Analysis Провёл детальный анализ дня. Советую обратить внимание на потенциальную позицию, а также заметки, которые указаны данном файле. Предполагал продолжение восходящего тренда с целью в виде W1 Fractal High, но хотелось получить откат до ближайших неэффективностей. Особенности и логику доставки также описал в анализе."
2023-11-21,08:57,731,PLAN,EURUSD,,,,FVG,,W1|D1|H4|H1,,1,0,https://www.tradingview.com/x/Vvmg2eFJ/,,,"EU Pre-Session Analysis / Trading Plan 21.11.23 [D1 Chart] Для построения нарратива и плана понадобится всего 1 чарт. Цена продолжает движение в рамках D1 Strong OF и была доставлена в W1 Fractal High / D1 FVG как значимые проблемные зоны. Таким образом, вероятность retracement повышается. Единственный вопрос: Куда? Стоит вспомнить логику доставки «X FTA -> X POI”, таким образом можно предположить, что цена сформирует D1 FVG как следующую опорную область для доставки. На H4/H1 цена не предоставляет значимой информации. С точки зрения плана и execution график довольно примитивный. Shorts — отсутсвует нарратив и цепочка TDA, что отбивает напрочь желание «разворачивать машину, которая едет 150». Longs — цена была доставлена до KL: W1 Fractal High / D1 FVG, которые с высокой вероятностью могут"
2023-11-21,11:29,732,REVIEW,,,,,,,,,0,1,,,,"Потенциальная позиция согласно стратегии, но не была открыта согласно изначальному плану о пропуске подобных торговых условий. Логика будет описана в Post-Session Analysis."
2023-11-21,20:27,739,REVIEW,,,,,,,,,0,1,,,,"Post-Session Analysis 21.11.23 Post-Session Analysis Проанализировал доставку в рамках сегодняшнего дня. Крайне информативный день. Также разобрал позиции, но поверхностно, детальный разбор заметок и позиций будет на выходных в Bias vs Price."
2023-11-22,09:01,740,PLAN,EURUSD,,,,VC|FVG|SNR|RB,,W1|D1|H4|H1,,3,0,https://www.tradingview.com/x/ayPlL9BO/|https://www.tradingview.com/x/7hjL7frZ/|https://www.tradingview.com/x/LydvZ8Hj/,,,"EU Pre-Session Analysis 22.11.23 [D1 Chart] В контексте реакции на D1 FVG цена была доставлена в D1 FVG / W1 Fractal High Raid, что спровоцировало rejection и закрытие как нисходящая свеча. При этом, D1 Bullish Strong OF не нарушен, потому следующаю наиболее вероятная зона для реакции — D1 FVG. [H4 Chart] В контексте реакции на D1 FVG / W1 Fractal High цена сформировала H4 RB как volume confirmation, тест которого спровоцировал нисходящий мув, который также подтвердил объем путем фомирования H4 FVG. Цена протестировала H4 FVG и получила bearish rejection, что является первичным индикатором силы локального тренда и высокой вероятности доставки к следующей зоне неэффективности D1 FVG. [H1 Chart] В контексте реакции на H4 FVG цена сформировала H1 SNR, который выступает также как локальный vol"
2023-11-22,17:21,747,REVIEW,,,,,,,,,0,1,,,,"Post-Session Analysis 22.11.23 Post-Session Analysis Проанализировал сегодняшний план, а также его адаптацию и потенциальную позицию. Обратите особое внимание на переменные, которые были взяты для адаптации."
2023-11-23,08:46,751,PLAN,,,,,FVG|SNR|RB,LOKZ|NYKZ,D1|H4,,2,1,https://www.tradingview.com/x/Yr3yiq6G/|https://www.tradingview.com/x/Yr3yiq6G/,,,"Pre-Session Analysis 23.11.23 https://www.tradingview.com/x/Yr3yiq6G/ «Есть время для длинных позиций, время для коротких, и время, чтобы отправиться на рыбалку». — Джесси Ливермор Сегодня день рыбалки. Как и ожидалось, цена получила реакцию на зону D1 SNR / D1 RB в следствии чего был сформирован H4 FVG как первичный индикатор объема. Таким образом, вероятность доставки к Wed. High, а также Tue. High является высокой. Учавствовать в этом я не буду поскольку в LOKZ новости, которые я не торгую согласно стратегии, а в NYKZ банковский выходной, потому занимаюсь более полезными делами и «сжимаю» стратегию."
2023-11-24,08:59,756,PLAN,,,,,VC|FVG|SNR|RB,,W1|D1|H4|H1,,3,0,https://www.tradingview.com/x/TEC4fd2P/|https://www.tradingview.com/x/qKSwToAt/|https://www.tradingview.com/x/OBvudbv7/,,,"Pre-Session Analysis 24.11.23 [D1 Chart] В контексте реакции на D1 FVG / W1 Fractal High цена была доставлена до зоны D1 SNR как первичной опорной области, внутри которой она получила rejection, который подтверждает поступление объема покупок. Таким образом, это выступает основной для построения storyline. С точки зрения целей, был сформирован D1 -RB, который ограничивает таргетирование до PDH. [H4 Chart] В результате D1 SNR Rejection цена была доставлена до H4 FVG, который выступил как retracement trigger. При этом в контексте D1 SNR Rejection был сформирован H4 FVG, который подтверждает цепочку bullish storyline по прицнипу D1 Rejects D1 -> H4 Volume Confirmation. В результате реакции на H4 -FVG цена была доставлена в H4 +FVG. В результате реакции был сформирован H4 RB как подтверждение "
2023-11-24,09:00,757,PLAN,,Short,,,VC|FVG|SNR|RB|OB,,H4|H1,,2,0,https://www.tradingview.com/x/ySokroWP/|https://www.tradingview.com/x/ySokroWP/,,,"Trading Plan https://www.tradingview.com/x/ySokroWP/ Цена сформировала H1 SNR / H1 FVG как подтверждение объема в рамках реакции на H4 RB согласно HTF Narrative. Таким образом, вероятность доставки к PDH повышается. Параллельно, цена сняла зону EQH как проблемную и инвалидировала ее, что открывает возможность для Execution. С другой стороны, параллельно присутствует контр-цепочка в шорт, а именно: H4 OB / H1 EQH trigger, следовательно я буду масштабироваться и действовать на основе локальных volume confirmation."
2023-11-25,11:45,758,REVIEW,,,,,,,,,0,1,,,,"Доброе утро. План себя отработал на 100%. Цена протестировала неэффективность и после дополнительного рейда продолжила восходящее движение к цели. Позиция была открыта согласно плану и закрыта в -1, после чего цена достигла таргета. Детальный анализ будет сделан в Bias vs Price."
2023-11-25,11:46,760,REVIEW,,,,,,,,,0,1,,,,Воскресенье — Bias vs Price. Понедельник — Market Note. YouTube.
2023-11-25,20:12,762,REVIEW,,,,,,,,,0,1,,,,"Feedback. Спасибо всем, кто тепло отзывается о деятельности на YT и в рамках этого канала. На следующей неделе работа будет проводится в более активном формате. Видео Pre/Post-Session Analysis, позиции и заметки чтобы показать насколько эффективной может быть структурированная работа."
2023-11-26,10:31,763,REVIEW,,,,,,,,,0,1,,,,"Доброе утро. На следующей неделе Pre/Post-Session Analysis будет выходить в формате видео. Также, сегодня выйдет эпизод Bias vs Price, я рекомендую его просмотреть и уделить особое внимание заметкам и логике доставки, которые там будут описаны. Надеюсь, вы хорошо подготовились к торговой неделе, будет интересно."
2023-11-26,18:27,766,REVIEW,,,,,,,,,0,0,,https://youtu.be/_mxF_46q9jE,,"Bias vs Price https://youtu.be/_mxF_46q9jE Воскресенье — отличное время для подготовки к торговой неделе. В этом видео я детально проанализировал доставку и указал потенциальные позиции, а также заметки. Рекомендую обратить внимание на заметку в конце видео. Приятного просмотра."
2023-11-27,08:15,767,PLAN,,,,,,,,,0,0,,https://youtu.be/uxTDEA0PQlE,,Доброе утро. https://youtu.be/uxTDEA0PQlE Торговый план на сегодня.
2023-11-27,20:44,772,REVIEW,,,,,,,,,0,0,,https://youtu.be/rsey1hjSpx0,,"Post-Session Analysis 27.11.23 https://youtu.be/rsey1hjSpx0 Медленный день. Цена получила реакцию от ожидаемой зоны, но в следствии контр-объема произошёл пересвип. Рекомендую пересмотреть данное видео. Пробная версия. Завтра будет более детально."
2023-11-28,08:17,773,PLAN,,,,,,,,,0,0,,https://youtu.be/UWZKv0VKRmM,,Доброе утро. Торговый план на сегодня. https://youtu.be/UWZKv0VKRmM
2023-11-28,16:14,774,REVIEW,,,,,,,,,0,0,,,,План отработал. Вечером детальный post-session analysis.
2023-11-28,19:47,776,REVIEW,,,,,,,,,0,0,,https://youtu.be/pkhXc_vVFgg,,"Post-Session Analysis https://youtu.be/pkhXc_vVFgg Проанализировал отработку сегодняшнего плана, а также указал важную заметку. Приятного просмотра."
2023-11-29,08:22,779,PLAN,,,,,,,,,0,0,,https://youtu.be/57oVYm3MthU,,"Доброе утро Торговый план на среду. Чарт маргинальный, потому буду действовать консервативно. Приятного просмотра. https://youtu.be/57oVYm3MthU?si=OsuDyEuK87AzMJJv"
2023-11-29,15:38,780,NOTE,,,,,Market,,,,0,1,,,,"Дверь в The Edge открыта Философия The Edge основана на четкой структурированной работе, повышении уровня перформанса и улучшении понимания логики доставки цены, а не паттернизации. Внутри The Edge вы найдёте: • Notion Database — обширная информационная база с практически полезной информацией для улучшения понимания доставки цены, работы с демонами, ошибками и многим другим. • Algorithm A -> В — адаптивная стратегия, которая основывается на логике доставки цены и чётких алгоритмах TDA. • Workspace, который полностью автоматизирует структуру самоанализа и автоматически собирает данные вашего перформанса. Он дает возможность повысить его эффективность, отследить торговые проблемы и решить их. • Конференции. База из более, чем 70 часов записей конференций на различные темы: Monthly Performanc"
2023-11-29,16:21,787,PLAN,,,,,,,,,2,0,https://www.tradingview.com/x/xt6BfDNt/|https://www.tradingview.com/x/xt6BfDNt/,,,https://www.tradingview.com/x/xt6BfDNt/ Таргет достигнут. Вечером детальный анализ и заметки. План & Факт: 3/3
2023-11-29,18:53,790,REVIEW,,,,,,,,,0,0,,https://youtu.be/q8dQ5aU6eh4,,"Post-Session Analysis 29.11.23 https://youtu.be/q8dQ5aU6eh4 Провёл детальный анализ сегодняшнего торгового плана. Обратите внимание на заметки, которые были сделаны, а также на позицию. План 3/3. Приятного просмотра"
2023-11-30,08:37,791,PLAN,,,,,,,,,0,0,,https://youtu.be/bgLvxRcRPZw,,"Доброе утро https://youtu.be/bgLvxRcRPZw План на сегодня. График является маргинальным, потому мой фокус будет смещен на валидацию выделенных зон сквозь призму объема. Приятного просмотра"
2023-11-30,10:47,794,PLAN,,,,,,,,,2,0,https://www.tradingview.com/x/k6gcqKyr/|https://www.tradingview.com/x/k6gcqKyr/,,,"UPD. https://www.tradingview.com/x/k6gcqKyr/ План отработал. Вечером детальный разбор, а также позиция. План & Факт: 4/4"
2023-11-30,11:04,795,REVIEW,,,,,,,,,0,1,,,,Анализ и логика вечером в Post-Session.
2023-11-30,19:56,803,REVIEW,,,,,,,,,0,0,,https://youtu.be/eA-zFg0z2Mw,,"Post-Session Analysis 30.11.23 https://youtu.be/eA-zFg0z2Mw Проанализировал доставку в рамках сегодняшнего дня. Обратите внимание на логику позиции, а также заметки. Приятного просмотра и хорошего вечера."
2023-12-01,08:29,804,PLAN,,,,,,,,,0,0,,https://youtu.be/7pFjEx1iAk4,,"Доброе утро https://youtu.be/7pFjEx1iAk4 Торговый план на сегодня. Исходя из того, что сегодня пятница, то я буду более консервативен с точки зрения execution и таргетов. Хорошего торгового дня."
2023-12-01,11:51,810,REVIEW,,,,,,,,,0,1,,,,YouTube Тем временем на YouTube будет много полезного. Ставьте в календарь. • Bias vs Price — суббота. Рекомендую просмотреть потому что там я детально проанализирую все торговые планы и их отработку за неделю. • Market Note — понедельник. • How to deal with losing streak — четверг. • Funded Problems — понедельник. • Algorithm A -> B суббота.
2023-12-01,19:18,816,PLAN,,,,,,,,,0,1,,,,"Сегодня план не отработал, потому неделю закрываю в 4/5. Завтра выйдет видео bias vs price, в котором я детально проанализирую доставку цены и сегодняшний план. Подобные дни являются наиболее информативными потому советую уделить этому особое внимание. Неделя была крайне продуктивной с точки зрения полученного опыта, заметок и знаний. Основной целью рубрики Trading Plan было показать алгоритм и структуру мышления для построений эффективного торгового плана и, надеюсь, это было полезно для вас. Прошу оставить свой фидбэк в комментариях или путём реакций, и мы это повторим."
2023-12-02,16:53,819,REVIEW,,,,,,,,,0,1,,,,"В самой системе нету ничего «сверхъестественного», суть заключается в упрощении и максимизации объективного восприятия доставки цены. Видео Bias vs Price выйдет через час."
2023-12-02,17:26,820,REVIEW,,,,,,,,,0,0,,https://youtu.be/TT4cv3t4lL4,,"Bias vs Price https://youtu.be/TT4cv3t4lL4?si=SmiS2tpWSjcnPG0i Детально проанализировал доставку цены, а также все торговые планы, которые были опубликованы в рамках недели. Советую уделить особое внимание заметкам в конце видео. Приятного просмотра."
2023-12-03,14:06,825,REVIEW,,,,,,,,,0,0,,https://youtu.be/TT4cv3t4lL4,,"https://youtu.be/TT4cv3t4lL4?si=SmiS2tpWSjcnPG0i Рекомендую пересмотреть Bias vs Price за прошедшую неделю. Я детально разобрал отработку планов и логику доставки, а также выделил 2 крайне полезные заметки. Приятного просмотра."
2023-12-03,15:27,826,PLAN,,,,,,,,,0,1,,,,Продолжаем рубрику Pre/Post-Session Analysis (Trading Plan) на этой неделе в видео-формате?
2023-12-03,18:23,827,REVIEW,,,,,,,,,0,1,,,,"На этой неделе продолжим рубрику Pre/Post-Session Analysis в формате видео. Также будет полезный материал: заметка и видео о Losing Streak. Готовьтесь, будет активная работа."
2023-12-04,08:28,828,PLAN,,,,,FVG,,D1,,0,0,,https://youtu.be/c9jowTNRijI,,"Trading Plan https://youtu.be/c9jowTNRijI Доброе утро. Торговый план на сегодня. Обратите внимание на возможные сценарии, а также на работу с D1 FVG. Хорошего торгового дня."
2023-12-04,16:07,831,TRADE_RESULT,,,7.5,,,,,,0,0,,,,"Позиция согласно плану, 7.5R. Детальный анализ вечером."
2023-12-04,16:17,835,TRADE_RESULT,,,+7.8,,,,,,2,0,https://www.tradingview.com/x/3bj76BPH/|https://www.tradingview.com/x/3bj76BPH/,,,"https://www.tradingview.com/x/3bj76BPH/ Закрыто. +7.8R План идеально отработал. Рекомендую вечером посмотреть Post-Session Analysis, постараюсь разобрать позицию и логику плана, а именно аспекты, которые помогли его правильно сформировать."
2023-12-04,18:49,837,TRADE_RESULT,,,7.8,,,,,,0,0,,https://youtu.be/BO587tbZLTQ,,"Post-Session Analysis 04.12.23 https://youtu.be/BO587tbZLTQ Постарался максимально детально проанализировать логику отработки плана, его формирования и позиции. Крайне интересный и продуктивный день. Уделите особое внимание заметке о валидации опорных точек. Надеюсь, данный план был для вас полезен и интересен. Приятного просмотра и хорошего вечера. План & Факт: 1/1 Позиции: 1/1 (7.8R)"
2023-12-05,08:28,838,PLAN,,,,,,,,,0,0,,https://youtu.be/Mopmpv-UH2U,,"Trading Plan https://youtu.be/Mopmpv-UH2U Доброе утро. Торговый план на сегодня. Рекомендую обратить внимание на возможные действия, а также на то почему я буду действовать именно так. Хорошего торгового дня."
2023-12-05,11:27,840,PLAN,,,,,FVG|RB,,H4,,0,1,,,,"UPD. Цена получила реакцию в рамках RB и сформировала зону EQL как магнит. Стоит вспомнить заметку о том, что тест H4 FVG происходил до открытия сессии, что повышает манипуляцию в рамках сильной сессии без изменения нарратива. Аналогичная ситуация была 11.08. Буду смотреть реакцию на снятие Pre-Session High."
2023-12-05,16:35,842,REVIEW,,,,,FVG,,H4|H1,"X-1 TF Validation, о которой я говорил на Post-Session",2,0,https://www.tradingview.com/x/8VdT0Mla/|https://www.tradingview.com/x/8VdT0Mla/,,,"UPD. https://www.tradingview.com/x/8VdT0Mla/ Цена отреагировала на H1 FVG, который валидировал H4 FVG согласно логике X-1 TF Validation, о которой я говорил на Post-Session. Цена сформировала trendline liquidity на основе тестов H1 FVG, потому после снятия H4 Fractal EQL более, чем вероятный разворот на релизе PMI. Учавствовать не буду, немного нудный день. Вечером обсудим."
2023-12-05,19:59,845,PLAN,,,,,,,,,0,0,,https://youtu.be/hdfEREu5-O0,,"Post-Session Analysis 05.12.23 https://youtu.be/hdfEREu5-O0 Проанализировал сегодняшний торговый план. Обратите внимание на логику валидации зон, которую описал, а также заметку, которая помогла сформировать эффективный торговый план. Приятного просмотра и до завтра! План & Факт: 2/2"
2023-12-06,08:22,846,PLAN,,,,,,,,,0,0,,https://youtu.be/ZsXk5QcH-qw,,"Trading Plan https://youtu.be/ZsXk5QcH-qw Доброе утро. Торговый план на сегодня. Добавил «новый пазл» относительно эффективного построения торгового плана в данное видео, вечером как всегда проанализируем. Хорошего торгового дня и приятного просмотра."
2023-12-06,21:58,848,PLAN,,,,,,,,,0,0,,https://youtu.be/2SsjwVu2L9E,,"Post-Session Analysis 06.12.23 https://youtu.be/2SsjwVu2L9E План отработал, как и ожидалось тезис «пока не доказано обратное» в очередной раз себя оправдал. Обратите внимание на потенциальную позицию, а также логику доставки. Завтра выйдет целых 2 видео: Pre-Session и отрывок записи про TDA и Post-Session из Mentorship. Данная рубрика, возможно, будет регулярной. Приятного просмотра и до завтра."
2023-12-07,08:34,849,PLAN,,,,,,,,,0,0,,https://youtu.be/NFoNyKURT1I,,"Trading Plan https://youtu.be/NFoNyKURT1I Доброе утро. Торговый план на сегодня. Также, описал логику работы с макро-зонами для максимально эффективного построения торгового плана. Напомню, что сегодня также выйдет видео из Mentorship с частью TDA и структурой Post-Session Analysis. Приятного просмотра и хорошего торгового дня."
2023-12-07,16:44,851,REVIEW,,,,,,,,,0,0,,https://youtu.be/eIirLzeBMj4,,"Mentorship Episode 1: TDA / Narrative / Post-Session Analysis https://youtu.be/eIirLzeBMj4 Вырезка из менторшипа. Надеюсь, описание данной логики будет вам полезным и поможет сложить «очередной пазл» относительно доставки цены. Приятного просмотра."
2023-12-07,20:09,854,REVIEW,,,,,,,,,0,1,,,,Уверенность в своем плане и позиции очень важна для эффективного перформанса. Сегодняшний план в очередной раз отработал и был монетизирован. Post-Session Analysis выйдет через час.
2023-12-07,20:25,855,PLAN,,,,,VC|FVG|SNR,,W1|D1|H4,,2,0,https://www.tradingview.com/x/HbIpkZ82/|https://www.tradingview.com/x/HbIpkZ82/,,,"UPD. https://www.tradingview.com/x/HbIpkZ82/ План снова отработал. В торговом плане утром я указывал, что исходя из доставки в W1 IPA вероятность разворота являлась высокой. При этом я также указал, что вероятность реакции на ближайший H4 FVG является низкой на основе HTF Background. Для построения плана я использовал заметку из последнего Bias vs Price о доставке на D1 без неэффективностей. Я указывал, что не стоит пытаться развернуть цену, а лучше дождаться H4 Volume Confirmation одним из 3 способов, что мы и получили (H4 SNR). LOTW скорее всего пойман. Раннеры оставлены. План & Факт: 4/4 Позиции: 2/2"
2023-12-07,21:05,856,REVIEW,,,,,,,,,0,0,,https://youtu.be/5EVGRzbetjg,,"Post-Session Analysis 07.12.23 https://youtu.be/5EVGRzbetjg Крайне продуктивный торговый день. План себя отработал на 100%, а также был успешно монетизирован. Рекомендую ознакомиться с заметкой, которая была сделана, а также с позицией и причинами ее открытия именно таким образом. Приятного просмотра и до завтра!"
2023-12-08,08:37,858,PLAN,,,,,,,,,0,0,,https://youtu.be/-SEKfnLb0BA,,"Trading Plan https://youtu.be/-SEKfnLb0BA Доброе утро. Торговый план на сегодня. Более детально описал логику MTF Zones, а также как определять точку разворота с наибольшей вероятностью. Обратите внимание на логику определения точки опоры. Приятного просмотра и хорошего торгового дня."
2023-12-08,19:05,862,TRADE_RESULT,,,10.8,,,,,,0,0,,https://youtu.be/B7KjtYwfS8Q,,"Post-Session Analysis 08.12.23 https://youtu.be/B7KjtYwfS8Q Сегодняшний план не отработал и в данном видео я проанализировал логику доставки цены. Закрываю неделю в 4/5 планов и 2/2 позиций (10.8R). Обратите внимание на заметки в данном видео. Завтра выйдет A -> B, в котором я постараюсь максимально детально описать логику, на которую опираюсь уже длительное время и которая помогает избежать паттернизации. Приятного просмотра и до завтра!"
2023-12-09,10:06,863,REVIEW,,,,,,,,,0,1,,,,"Доброе утро Прошедшая торговая неделя была крайне продуктивной и информативной, потому эпизод Bias vs Price завтра будет соответствующим. Напоминаю, что сегодня в 18:00 выйдет «Алгоритм A - B”. Stay tuned."
2023-12-16,13:56,888,REVIEW,,,,,,,,,0,0,,https://youtu.be/AMJhf2r3Y78,,"Bias vs Price https://youtu.be/AMJhf2r3Y78 В этом видео я детально разобрал логику доставки цены, заметки, а также позиции. Оно получилось длиннее чем обычно, поскольку пытался донести максимально детально. Обратите внимание на формулы, а также на ключевые заметки, которые были эффективными для построения логики. Приятного просмотра."
2023-12-18,16:30,898,TRADE_RESULT,,,3.2|4.1,,,,,,0,1,,,,Algorithm A — B Trade #2 Вторая позиция за день по стратегии. Обсуждали ее логику на конференции в дискорде. Первая позиция 3.2R Вторая позиция 4.1R Есть настроение сделать вечером детальный разбор? (Видео)
2023-12-18,20:27,907,TRADE_ANALYSIS,,,+7,,,,,,0,0,,https://youtu.be/5zZF8eQNHDM,,"Algorithm A — B: Trade Analysis [+7R] https://youtu.be/5zZF8eQNHDM В данном видео детально проанализировал логику позиций, цепочку TDA, а также заметки, которые были использованы для открытия. Приятного просмотра!"
2023-12-19,10:57,910,ANALYSIS,EURUSD,,,,,,,,0,0,,https://youtu.be/VQthb-6deTc,,"Доброе утро https://www.youtube.com/watch?v=5zZF8eQNHDM Вчера выложил видео с детальным анализом позиций по EU, потому кто еще не видел — рекомендую пересмотреть. Сегодня выложу новую полезную заметку в формате notion, и завтра в 18:00 ставьте будильник — выйдет видео с бэктестом и детальным анализом логики позиций согласно стратегии «Алгоритм A — B”."
2023-12-19,17:37,912,NOTE,,,,,,,,"X TF TA — X TF POI ;; X TF TA — X TF POI, а также как не можно использовать, чтобы улучшить понимание логики доставки цены",0,1,,,,"Market Note: X TF TA — X TF POI [Market Note] В данной заметке я описал логику формулы X TF TA — X TF POI, а также как не можно использовать, чтобы улучшить понимание логики доставки цены. Данную формулу упоминал довольно часто в видео для трактовки ценообразования, потому решил сделать короткий текстовый формат."
2023-12-20,09:02,915,TRADE_ANALYSIS,,,,,,,,,0,1,,,,"Interactive: Trade Analysis Доброе утро. Повторим наш интерактив только не в формате Q&A, а в формате Trade Analysis. Под данным постом вы можете добавить графики, а также логику позиции одним сообщением (можно сообщением или ссылкой на notion). Я разберу позиции на основе логики Algorithm A — B и дам комментарий. Возможно это натолкнет вас на закрытие определенных технических «пробелов»."
2023-12-20,17:17,921,TRADE_ANALYSIS,EURUSD,Short,,,,,,,0,0,,https://youtu.be/8rDHnEJhAAc,,"Trade Analysis https://youtu.be/8rDHnEJhAAc В данном видео детально проанализировал логику позиции в шорт по EURUSD, а также указал формулу, которую использую для инвалидации HTF TA, что дает возможность для более эффективного выполнения позиция, советую обратить особое внимание. Приятного просмотра! P.S. Видео про бэктест уже в загрузке. Пробный вариант. Решил, что сделаю ещё одно для закрепления."
2023-12-21,13:05,927,TRADE_ANALYSIS,,,,,,,,,0,1,,,,"Algorithm A — B: Trade Analysis Описал логику данной позиции на графиках. Обратите внимание на цепочку TDA, особенности Strong OF, также использование [X]."
2023-12-22,16:47,934,NOTE,,,,,,,,X TF TA → X-1 TF POI ;; X TF TA,0,1,,,,"Market Note: X TF TA → X-1 TF POI [Market Note] В данной заметке я описал одну из наиболее полезных формул на данный момент, она позволяет эффективно идентифицировать силу / слабость одной из сторон и указывает на отчетливые переменные, на которые необходимо реагировать в рамках реакции на X TF TA."
2023-12-24,10:51,941,REVIEW,,,,,,,,,0,1,,,,"Bias vs Price Завтра в 18:00 выйдет финальный выпуск Bias vs Price в этом году. В нем я детально проанализировал логику доставки на прошлой неделе, открытые позиции, формулы, а также заметки, которые были сделаны / использованы. В 2024 рубрика продолжится, а пока что закрываем 2023 год на крайне продуктивной ноте."
2023-12-25,12:08,944,REVIEW,,,,,,,,,0,0,,https://youtu.be/wwPl79uSCe8,,"Bias vs Price https://youtu.be/wwPl79uSCe8?si=XW6MXZglgPZ8XJUz Финальный выпуск Bias vs Price в 2024. В данном выпуске я детально проанализировал доставку цены, позиции, которые были открыты, а также ключевые формулы и заметки. Приятного просмотра."
2023-12-26,10:22,947,REVIEW,,,,,,,,,0,1,,https://youtu.be/6rzwht6QWD0|https://youtu.be/wwPl79uSCe8,,"Доброе утро На протяжении последних дней опубликовал 2 видео: • Trading Mentorship by AlexxxFX EP.2 (Strong OF) • Bias vs Price 18.12 — 22.12 В данных видео я детально описал логику Strong OF, а также его использования для открытия позиций, построения нарратива и TDA. В Bias vs Price проанализировал доставку цены и позиции за прошедшую торговую неделю. Рекомендую ознакомиться. Информация будет полезной. Приятного просмотра!"
2024-01-04,21:13,1001,PLAN,,,,,,,,,0,1,,,,"Дайте, пожалуйста, фидбэк под данным постом. Как вам формат? Напомню, следующий стрим будет по Pre-Session Analysis, закроем этот вопрос. Детали напишу позже. Запись стрима выложу завтра на YouTube."
2024-01-05,15:03,1007,PLAN,,,,,,,,,0,1,,,,"Stream by AlexxxFX: Pre-Session Analysis Как уже и обсуждали на вчерашнем стриме, тема следующего будет «Pre-Session Analysis”. Поговорим о этапах подготовки к торговой сессии, которые вывели мою торговлю на новый уровень в своё время. Также, обсудим структуру, особенности анализа и необходимые шаги, для того, чтобы улучшить систематизацию вашей торговли. Стрим будет проходить в формате презентации + Q&A. В качестве бонуса за 2000 человек я выложу презентацию, а также шаблон notion для pre-session analysis, который использую я. Приходите, будет крайне полезно и интересно. Дату сообщу в скором времени."
2024-01-06,15:05,1013,REVIEW,,,,,,,,,0,1,,,,Pre/Post-Session Analysis С 8 числа возвращаюсь в работу. Есть идея повторить марафон видео Pre/Post-Session Analysis с 15.01 как мы это делали до этого в качестве разминки. Делаем?
2024-01-07,10:32,1017,PLAN,,,,,,,,,0,1,,,,"Stream by AlexxxFX: Pre-Session Analysis Стрим пройдет 10.01 в 20:00. Как и говорил, на данный стрим я подготовлю презентацию о том как эффективно проводить анализ перед торговой сессией и какие этапы работы в рамках дня присутствуют у меня. В свое время это кардинально поменяло мой подход к торговле, надеюсь, у вас будет также. Приходите, будет интересно. Формат стандартный — готовьтесь к встречным вопросам, будем работать."
2024-01-08,09:09,1020,PLAN,EURUSD,,,,,,,,0,1,,,,Pre-Session Analysis Доброе утро. Напишите свой TDA по графику EU. Укажите: - Какие цепочки присутствуют? - Какую переменную необходимо получить? - Согласно какой формуле? - Какой нарратив? Делаем разминку перед полноценной работой.
2024-01-09,09:36,1021,REVIEW,,,,,,,,,0,1,,,,"Mentorship EP.3 “Inefficiency” Доброе утро. Полностью вернулся в работу. С сегодняшнего дня будет больше графиков, разбора позиций и полезной информации с точки зрения технической компетентности. С 15.01 начнем также марафон Pre/Post-Session Analysis. Решил сегодня выложить отрывок из личного обучения по неэффективностям в 18:00. Рекомендую посмотреть. Хорошего торгового дня."
2024-01-09,18:24,1023,TRADE_RESULT,EURUSD,,+2.3,,,,,,0,1,,,,"EU Trade (+2.3R) Первая позиция в этом сезоне. На скринах указал детальный утренний TDA, а также торговый план на сегодня. Разминка перед тем, как начнем делать это вместе с вами 15.01. Затронем данную позицию завтра на стриме, а также поговорим о Pre-Session Analysis."
2024-01-10,10:07,1028,REVIEW,,,,,,,,,0,1,,,,"Stream by AlexxxFX: Post-Session Analysis Напоминаю, что сегодня в 20:00 проведем стрим по теме структуры анализа перед сессией. Agenda: • 15 Min — вопросы; • 5 Min — анализ позиции; • 40 Min — презентация по теме; Приходите, будет интересно."
2024-01-11,11:54,1039,PLAN,,,,,,,,,0,0,,,1039_Pre-Session Analysis Public Stream.pdf,"Stream by AlexxxFX: Pre-Session Analysis (Presentation) Добавляю презентацию с вчерашней конференции. Шаблон notion для Pre-Session Analysis будет добавлен в скором времени. Запись конференции выйдет в 18:00 сегодня, рекомендую пересмотреть."
2024-01-11,14:32,1043,REVIEW,,,,,,,,,0,1,,,,"Notion Template: Pre/Post-Session Analysis [Шаблон] Как и говорил на стриме — делюсь с вами шаблоном подготовки к торговой сессии, а также структурой анализа торгового дня. В свое время данная структура работы кардинально поменяла мой трейдинг, и, надеюсь, поможет вам. Пользуйтесь."
2024-01-11,18:00,1044,PLAN,,,,,,,,,0,0,,https://youtu.be/Ye8-mAMY--Y,,Stream by AlexxxFX: Pre-Session Analysis https://youtu.be/Ye8-mAMY--Y?si=EpzSZFKksXQH71Zn Запись стрима за 10.01.24. На нем мы обсудили: • Технические вопросы • Разобрали логику позиции и доставки цены • Презентацию по тебе Pre/Post-Session Analysis Рекомендую пересмотреть и еще раз разобраться в структуре данной подготовки. Будет крайне полезно для системности. Приятного просмотра!
2024-01-15,08:33,1058,PLAN,,,,,,,,,0,0,,https://youtu.be/cE7fld7tZRg,,Pre-Session Analysis 15.01.2024 https://youtu.be/cE7fld7tZRg Доброе утро! Первое видео из Pre-Session в этом году. Обсудили текущий нарратив. Пока что разминаюсь. Приятного просмотра!
2024-01-15,21:06,1067,REVIEW,,,,,,,,,0,1,,,,"Stream by AlexxxFX: Algorithm A — B | Q&A Сегодня решил не записывать post-session поскольку чарт не предоставил значимой информации, обсудим завтра утром. Напоминаю, что в среду в 20:00 пройдёт стрим по стратегии «Алгоритм A — B» в рамках которого разберём достаточно много вопросов. Приходите, будет интересно."
2024-01-18,08:35,1083,PLAN,,,,,,,,,0,0,,https://youtu.be/0KXM5_j49ME,,Pre-Session Analysis 18.01.2024 https://youtu.be/0KXM5_j49ME Доброе утро. Немного разобрал график и свой торговый план на сегодняшний день. Приятного просмотра.
2024-01-18,16:57,1086,TRADE_RESULT,EURUSD,Short,+5.1,,VC,,,X TF TA → X-1 TF POI Rejection → X-2 TF VC для валидации нарратива,0,1,,,,"EU Short +5.1R Данная позиция была открыта на основе логики, которую мы обсуждали на стриме вчера, а именно: X TF TA → X-1 TF POI Rejection → X-2 TF VC для валидации нарратива. Детальную логику я опишу в Notion-файле в течении 30 минут."
2024-01-18,17:18,1089,TRADE_ANALYSIS,,,,,,,,,0,0,,,,Trade Analysis https://literate-ankle-f17.notion.site/Trade-Analysis-by-AlexxxFX-4712fadb25da4ff2a3273e08520f4136?pvs=4
2024-01-18,21:07,1091,REVIEW,,,,,,,,,0,0,,https://youtu.be/ohEpoivkcJ8,,"Post-Session Analysis 18.01.2024 https://youtu.be/ohEpoivkcJ8 Детально разобрал логику позиции 18.01.2024, а также торгового дня. Обратите внимание на формулы и заметки. Приятного просмотра."
2024-01-19,08:30,1093,PLAN,,,,,,,,,0,0,,https://youtu.be/GuwQSOlTzvE,,"Pre-Session Analysis 19.01.2024 https://youtu.be/GuwQSOlTzvE В данном видео описал свой торговый план на сегодня, а также его логику и переменные, на которых он основан. Приятного просмотра."
2024-01-19,19:23,1097,REVIEW,,,,,,,,,0,1,,,,"Post-Session Analysis Выпуск Post-Session Analysis выйдет через час. Рекомендую уделить ему особое внимание. В рамках данного выпуска обсудим 2 позиции сегодня, их логику и особенности доставки в контексте сегодняшнего дня."
2024-01-19,20:26,1098,REVIEW,,,,,,,,,0,0,,https://youtu.be/WaKKTC8OrIw,,"Post-Session Analysis 19.01.2024 https://youtu.be/WaKKTC8OrIw Видео получилось немного длиннее, чем обычно, но и информативнее. Обратите внимание на логику позиций, цепочки и формулы. Приятного просмотра и хороших выходных. На выходных будет пару интересных постов в качестве подготовки к новой торговой неделе."
2024-01-21,14:58,1103,REVIEW,,,,,,,,,0,1,,,,"Trading Week 22.01 — 26.01 Надеюсь, вы хорошо отдохнули и подготовились к новой торговой неделе. Она будет довольно насыщенная с точки зрения контента: • Pre/Post-Session Analysis будет выходить на регулярной основе. • В понедельник / среду и пятницу выйдут первые видео из базового публичного менторшипа. • Стрим в среду по теме FTA/TA/Narrative/Q&A."
2024-01-22,08:54,1106,PLAN,,,,,,,,,0,0,,https://youtu.be/ZKGmVFtk_s0,,Pre-Session Analysis 22.01.2024 https://youtu.be/ZKGmVFtk_s0 Доброе утро. Торговый план и TDA на день. Приятного просмотра.
2024-01-22,15:37,1108,CHART,EURUSD,,,,,,,,2,0,https://www.tradingview.com/x/eCBSH5II/|https://www.tradingview.com/x/eCBSH5II/,,,EU Trades https://www.tradingview.com/x/eCBSH5II/ Сегодняшние позиции. Детальную логику обсудим в среду на 20:00 на стриме.
2024-01-23,08:45,1110,PLAN,,Short,,,,,,,0,0,,https://youtu.be/0Zt9g67J4Tk,,"Pre-Session Analysis 23.01.2024 https://youtu.be/0Zt9g67J4Tk В данном видео частично проанализировал позиции в шорт за вчера, а также описал логику сегодняшнего плана. Приятного просмотра."
2024-01-24,15:39,1120,TRADE_RESULT,EURUSD,,3.3,,,,,,0,1,,,,"EU Trade [3.3R] Позиция за сегодня. В качестве практики, опишите, пожалуйста, цепочку, которая использовалась в в данной позиции и почему данная позиция не открывалась на первичных подтверждениях. Также, укажите ключевые формулы и общую логику. Детальный анализ выйдет в субботу в рамках рубрики Bias vs Price, которую я решил вернуть на регулярной основе."
2024-01-25,08:37,1127,TRADE_ANALYSIS,,Long,,,,,,,0,0,,https://youtu.be/Raqhsmr2KUo,,"Pre-Session Analysis 25.01.2024 | Trade Analysis https://youtu.be/Raqhsmr2KUo Доброе утро. В данном видео я детально проанализировал позиции в лонг за вчерашний день, а также указал почему не стоило входить на «первом подтверждении». Параллельно, я разобрал торговый план на сегодня. Приятного просмотра."
2024-01-25,18:19,1133,NOTE,,,,,,,,,0,1,,,,"Market Notes Несколько наблюдений за сегодняшний день. Подобные заметки, записи и наблюдения и формируют ваш «осознанный» опыт, который является основой для технической компетентности и повышении системности в анализе. Детальнее обсудим на стриме."
2024-01-25,20:17,1137,REVIEW,,,,,,,,,0,0,,,,"Всем спасибо, что слушали. Надеюсь, было полезно. Напомню, что в субботу выйдет Bias vs Price, в рамках которого детально проанализирую логику доставки, позиции и заметки за неделю. Также, выложу notion-файл по IFVG в скором времени. Хорошего вечера и до завтра."
2024-01-26,14:35,1140,REVIEW,,,,,,,,,0,1,,,,Bias vs Price Возвращаем всеми любимую рубрику Bias vs Price. Первый эпизод выйдет завтра в 14:00. В рамках данного эпизода мы обсудим: - доставку цены за торговую неделю - заметки - позиции
2024-01-27,13:51,1142,PLAN,,,,,,,,,0,0,,https://youtu.be/kZlbbX-bms8,,"Bias vs Price 22.01 — 26.01 https://youtu.be/kZlbbX-bms8 Возвращаю рубрику разборов недели. В данном выпуске я детально проанализировал доставку за выделенный период, указал позиции, а также их логику. Параллельно, в конце видео выделил основные полезные заметки, которые помогли формировать более эффективный TDA / Торговый план. Приятного просмотра."
2024-01-27,19:12,1144,PLAN,,,,,,,,,0,1,,,,Stream by AlexxxFX: Trading Plan В среду а 20:00 пройдет важный стрим по теме структуры составления торгового плана. На данном стриме обсудим все особенности подготовки и формирования плана. Будет полезно. Приходите.
2024-01-28,11:36,1145,REVIEW,,,,,,,,,0,0,,https://youtu.be/kZlbbX-bms8,,"Bias vs Price https://youtu.be/kZlbbX-bms8 Вчера вышло видео, в котором я детально проанализировал доставку цены, позиции, а также заметки за прошедшую торговую неделю. Все вопросы по данному видео можете писать под данным постом. Следующая неделя будет насыщенная по материалу / работе. Будет интересно."
2024-01-29,08:27,1146,PLAN,,,,,,,,,0,1,,,,GM Pre-Session Analysis уже загружается.
2024-01-29,08:57,1147,PLAN,,,,,,,,,0,0,,https://youtu.be/8MBTPgRE9ps,,"Pre-Session Analysis 29.01.2024 https://youtu.be/8MBTPgRE9ps В данном видео детально описал свой торговый план на день, а также заметки и переменные, которые были использованы для формирования данного плана. Приятного просмотра и хорошего торгового дня."
2024-01-29,16:20,1152,TRADE_RESULT,EURUSD,Short,+2.9,,VC|FVG|SNR|RB,,D1|H4|H1|M15,X TF POI;,0,1,,,,"EU Trade +2.9R План отработал максимально точно. Цена подтвердила превалирование объема продаж, как и указывал, путем M15 Displacement. Таргеты достигнуты. План выполнен. Торговая неделя открыта. Полная цепочка для входа: [X+1] — D1 SNR / RB Rejection; [X] — H4 FVG (X-1 VC → D1 Rejection Valid) / X TF POI; [X-1] — H1 FVG / Fractal Highs trigger → H1 SNR VC [X-2] — M15 FVG Trigger execution."
2024-01-30,16:10,1159,PLAN,,,,,,,,,0,1,,,,"Stream by AlexxxFX: Algorithm A — B Backtesting Среда 20:00 Завтра пройдет регулярный стрим в рамках которого обсудим ключевые вопросы, рынок, а также посмотрим определенный отрывок графика сквозь призму объема, формул и «Алгоритма A — B». Торговый план оставим на следующий стрим с презентацией."
2024-02-01,13:27,1174,NOTE,,,,,Shift,,,,0,0,,,,"Market Note: Liquidity Engineering https://literate-ankle-f17.notion.site/Market-Note-Liquidity-Engineering-by-AlexxxFX-6c095352198548b2a0b4cad18072d491?pvs=4 Как и обещал, публикую заметку в формате Notion, которую обсуждали на стриме вчера. Также, рекомендую пересмотреть запись по ссылке для тех, кто пропустил: https://www.youtube.com/live/yFkSeB9-ZPk?si=2SSdcs5hV_5PwPeE На стриме мы обсудили: • Схему-алгоритм A — B • Вариации цепочек • Смещение Некоторые пазлы закрыли. Вопросы оставил на следующий стрим."
2024-02-02,09:06,1177,REVIEW,,,,,,,,,0,1,,,,Доброе утро. Bias vs Price с заметками завтра?
2024-02-02,15:44,1181,REVIEW,,,,,,,,,0,1,,,,"Pre/Post-Session Analysis С понедельника решил вернуть выпуски Pre/Post-Session Analysis. Они будут выходить на ежедневной основе. В рамках данных видео, как всегда, будем фокусироваться на: • TDA • Построении торгового плана • Позициях • Анализе после сессии"
2024-02-04,12:19,1186,REVIEW,,,,,,,,,0,1,,,,"Bias vs Price Сегодня в 18:00 выйдет выпуск Bias vs Price. В рамках данного эпизода я проанализировал: • Логику доставки; • Позиции; • 4 ключевых заметки, которые были использованы / сделаны за торговую неделю;"
2024-02-04,19:01,1188,REVIEW,,,,,,,,,0,0,,https://youtu.be/0Ud4hAfZ7Wg,,"Bias vs Price https://youtu.be/0Ud4hAfZ7Wg Данный эпизод получился особенным. Я немного детальнее погрузился в логику доставки цены за прошедшую неделю, формулы, а также заметки. В конце видео я указал ключевые заметки, которые были сделаны / использованы для более эффективного TDA. Надеюсь, вы хорошо подготовились к новой торговой неделе — нас ждет много работы. Приятного просмотра."
2024-02-05,08:29,1190,PLAN,,,,,,,,,0,0,,https://youtu.be/Qto9N3NzY5Y,,Pre-Session Analysis 05.02.2024 https://youtu.be/Qto9N3NzY5Y Доброе утро. Детально описал свой торговый план на день и нарратив TDA. На этой неделе нас ждет много работы. Приятного просмотра.
2024-02-05,10:37,1192,REVIEW,,,,,,,,,0,0,,https://youtu.be/0Ud4hAfZ7Wg,,"Bias vs Price https://youtu.be/0Ud4hAfZ7Wg Напоминаю, что вчера вышел эпизод Bias vs Price в рамках которого я детально проанализировал доставку цены за прошедшую торговую неделю, а также выделил 4 ключевых заметки. Эпизод получился более информативным, чем обычно. Рекомендую пересмотреть."
2024-02-05,13:35,1193,PLAN,,,,,,,,,0,1,,,,"Stream by AlexxxFX: Trading Plan Среда 20:00. (Может быть перенесён) Agenda: - презентация про торговый план - Q&A - чарты Будет интересно, приходите."
2024-02-05,19:04,1199,REVIEW,,,,,,,,,0,0,,https://youtu.be/yfUoutpSwT0,,"Post-Session Analysis 05.02.2024 https://youtu.be/yfUoutpSwT0 Детально проанализировал сегодняшний торговый день, позицию, а также заметку, который была ключевой в рамках построения нарратива. Приятного просмотра."
2024-02-08,08:26,1200,PLAN,,,,,,,,,0,0,,,,"Доброе утро. Был вынужден отсутствовать 2 дня по семейным обстоятельствам. Цените своих близких. Уже вернулся в работу. Pre-Session Analysis выйдет через 5 минут, также сегодня будет несколько важных постов."
2024-02-08,08:34,1201,PLAN,,,,,,,,,0,0,,https://youtu.be/r5uZMXGlFYY,,"Pre-Session Analysis 08.02.2024 https://youtu.be/r5uZMXGlFYY В данном видео провел TDA, а также проанализировал логику своего торгового плана на сегодняшний день. Приятного просмотра."
2024-02-08,11:32,1203,PLAN,,,,,,,,,0,1,,,,Plan • Стрим про торговый план переносится на среду 14.02 20:00 • Видео про финансирование «How to Funded» выйдет 11.02 • Завтра в 18:00 выйдет новый эпизод из рубрики Public Mentorship по теме TDA и базовых формул. Будет интересно.
2024-02-08,19:11,1206,REVIEW,,,,,,,,,0,0,,https://youtu.be/2Yl-TGWnp-A,,"Post-Session Analysis 08.02.2024 https://youtu.be/2Yl-TGWnp-A Проанализировал отработку сегодняшнего торгового плана, его адаптацию, а также логику. Приятного просмотра."
2024-02-09,08:22,1207,PLAN,,,,,,,,,0,0,,https://youtu.be/YvKZwXEr1Xk,,"Pre-Session Analysis 09.02.2024 https://youtu.be/YvKZwXEr1Xk Проанализировал сегодняшний торговый план, а также ключевые переменные. Приятного просмотра."
2024-02-12,14:36,1211,REVIEW,,,,,,,,,0,1,,,,"Pre/Post-Session Analysis Продолжаем регулярную рубрику анализа перед и после сессии? Напишите, пожалуйста, фидбэк относительно формата."
2024-02-12,16:32,1212,REVIEW,,,,,,,,,0,1,,,,"Pre&Post Session Analysis 12.02.2024 [Notion] Сделал Pre&Post-Session Analysis за сегодняшний день в формате Notion. Рекомендую обратить особое внимание на технические особенности доставки. Сегодняшний день — бесплатный менторшип по PA, если посмотреть глубже. • Видео про Funded выйдет в 19:00, немного перестарался, в обработке. • С завтрашнего дня возобновлю рубрику Pre/Post-Session в видео-формате."
2024-02-13,08:17,1219,PLAN,,,,,,,,,0,1,,https://youtu.be/OBNBqmjac7Y,,Pre-Session Analysis 13.02.2024 https://youtu.be/OBNBqmjac7Y Доброе утро. Проанализировал переменные на графике и сформировал нарратив на сегодняшний торговый день. Приятного просмотра и хорошего торгового дня.
2024-02-13,13:29,1222,REVIEW,EURUSD,,,,,,,,0,0,,,,"EU Upd. Нарратив отработал с абсолютной точностью. Цена получила «дозаправку» за счет ARL, как и ожидалось. Post-Session сегодня вечером будет особенно информативным. Есть много того, что можно выделить в рамках текущей доставки."
2024-02-13,18:30,1226,REVIEW,,,,,,,,,0,1,,https://youtu.be/efSLpzbJsBc,,"Post-Session Analysis 13.02.2024 https://youtu.be/efSLpzbJsBc Проанализировал отработку сегодняшнего торгового плана, а также позиции, которые были открыты. Выделил 1 полезную заметку, которая раньше повторялась. Рекомендую обратить внимание. Приятного просмотра."
2024-02-14,11:57,1227,PLAN,,,,,,,,,0,1,,,,Stream by AlexxxFX: Trading Plan Четверг 20:00. Agenda: • Формирование торгового плана; • Особенности эффективного выполнения; • Особенности анализа Post-Session; • Q&A;
2024-02-15,08:58,1233,PLAN,,,,,,,,,0,1,,,,Доброе утро. Сегодня нас ждет много работы. Видео про торговую экосистему. 20:00 стрим. Pre-Session загружается.
2024-02-16,13:32,1243,PLAN,,,,,,,,,0,0,,,,"Stream by AlexxxFX: Trading Plan | Q&A https://www.youtube.com/live/VKNxG-8oPlo?si=_-Qvs0b_hXbAEACP Суббота 20:00. Разберем до мельчайших деталей логику формирования торгового плана, а также закроем все вопросы. Приходите."
2024-02-17,14:28,1246,PLAN,,,,,SNR,,,,0,1,,https://youtu.be/cb3pXR0Vhco,,"Дверь в The Edge открыта! Спустя несколько месяцев работы над улучшением качества и структуры The Edge — грандиозное обновление завершено и вы сможете прикоснуться к нему в этом месяце. Внутри вы найдёте: • Новый The Edge Database, который является базой данных статей, заметок, разборов позиций и других аспектов. • Детализированное описание стратегии «Алгоритм A — B». • Базу данных из конференций по различным темам, по типу: Trading Plan, SNR, Algorithm A — B: Advanced и другие. • Формулы, Weekly Recaps, Best Trades Analysis, регулярные конференции и многое другое. Бонус! В этом месяце вместе с обновлением The Edge Database все участники получат The Edge Workspace из данного видео: https://youtu.be/cb3pXR0Vhco Мы уверены, что данные обновления дадут тот кусочек пазла, которого многим не хв"
2024-02-18,09:42,1263,REVIEW,,,,,,,,,0,1,,,,"Bias vs Price Доброе утро. Bias vs Price выйдет в 17:00. Детально проанализируем доставку на прошедшей неделе, основные заметки и позиции. Решил, что в каждом подобном видео буду иногда предоставлять заметку, которая помогает более эффективно анализировать нарратив. Надеюсь, вы отдохнули и подготовились к работе с понедельника."
2024-02-18,16:31,1266,REVIEW,,,,,,,,,0,0,,https://youtu.be/34mrppg7k0o,,"Bias vs Price | Market Notes by AlexxxFX https://youtu.be/34mrppg7k0o Детально проанализировал логику доставки, а также позиции за прошедшую неделю. Рекомендую уделить особое внимание заметкам, а также описательной технической части. Постарался максимально подробно объяснить. Приятного просмотра!"
2024-02-21,15:11,1270,REVIEW,,,,,,,,,0,1,,,,"Взял небольшой детокс от графиков, потому не буду активен еще 2 дня. Далее вернусь сразу с новым видео из рубрики Public Mentorship: TDA & Basic Formula, регулярные Pre/Post-Session, а также Bias vs Price. Финальная перезарядка перед рабочей весной. Будет много интересного."
2024-02-25,16:10,1274,REVIEW,EURUSD,,,,,,,,0,1,,,,"EURUSD: Sunday Thoughts [Notion] Решил ввести новую рубрику под названием «Sunday Thoughts”. В рамках данной рубрики каждое воскресенье я буду делиться notion-файлом, в котором буду коротко описывать логику / мысли относительно переменных на графике, а также их синхронизации на предстоящую торговую неделю. Также, с понедельника возвращаю Pre/Post-Session Analysis на регулярной основе."
2024-02-25,19:32,1277,PLAN,,,,,,,,,0,1,,,,Дополнение к видео. Завтра утром Pre-Session. Неделя будет интересной.
2024-02-26,08:18,1278,PLAN,,,,,,,,,0,0,,https://youtu.be/TfaUu4ik7oE,,"Pre-Session Analysis 26.02.2024 https://youtu.be/TfaUu4ik7oE Доброе утро. Проанализировал общий нарратив, а также составил торговый план на понедельник. Приятного просмотра."
2024-02-27,07:57,1280,PLAN,,,,,,,,,0,0,,https://youtu.be/5xyWB6FZubU,,"Pre-Session Analysis 27.02.2024 https://youtu.be/5xyWB6FZubU Проанализировал отработку нарратива за понедельник, а также провел TDA и сформировал торговый план на вторник. Обратите внимание на логику и заметки. Хорошего торгового дня."
2024-02-27,16:59,1282,REVIEW,EURUSD,Short,,,VC|RB|Shift,,D1|H4|H1|M15|M5,"X TF POI, а также подтвердила объем продаж путем формирования X-1 TF VC в виде [-H1 RB], который выступил новой опорной областью согласно базовому правилу о смещени ;; X+1 TF Background [-D1 RB] → X TF POI [H4 Fractal High] → X-1 TF VC [-H1 RB] → X TF Shifted POI [-H1 RB] → X-1 TF Trigger [m15 Fractal High] → X-2 TF VC [-m5 Displace",0,1,,,,"EU 27.02.2024 План отработал с абсолютной точностью. Цена сняла H4 Fractal High как ключевую опорную область X TF POI, а также подтвердила объем продаж путем формирования X-1 TF VC в виде [-H1 RB], который выступил новой опорной областью согласно базовому правилу о смещении. Полная цепочка выглядит так: X+1 TF Background [-D1 RB] → X TF POI [H4 Fractal High] → X-1 TF VC [-H1 RB] → X TF Shifted POI [-H1 RB] → X-1 TF Trigger [m15 Fractal High] → X-2 TF VC [-m5 Displacement] Детальный анализ плана и позиции в Post-Session вечером."
2024-02-27,20:02,1287,TRADE_ANALYSIS,,,,,,,,,0,0,,,,"Крайне насыщенный день с точки зрения операционных задач в рамках The Edge, а также личного перформанса в рамках торговли. Решил уделить время, чтобы упорядочить все мысли в голове, потому разбор позиции будет завтра в Pre-Session Analysis. На стриме уделим внимание технике, позициям. Постараюсь сделать максимально четко, конкретно и понятно. Хорошего вечера и до завтра."
2024-02-28,08:13,1288,TRADE_ANALYSIS,,,,,,,,,0,0,,https://youtu.be/xYN2eajvzJo,,"Trade Analysis | Pre-Session Analysis 28.02.2024 https://youtu.be/xYN2eajvzJo Детально проанализировал отработку нарратива за вторник, а также логику позиции. Уделите особое внимание логике объема, которую описал в данном видео. Хорошего торгового дня."
2024-02-29,08:07,1290,PLAN,,,,,FVG,,,,0,0,,https://youtu.be/WcOy4unCsZw,,"Pre-Session Analysis [+Market Note: Fake FVG] https://youtu.be/WcOy4unCsZw Доброе утро. Проанализировал торговый нарратив на сегодняшний день, а также составил торговый план. В видео я указал заметку относительно того, как стоит рассматривать неэффективности и какие из них могут быть «побочным эффектом» доставки. Хорошего торгового дня."
2024-02-29,18:27,1295,ANALYSIS,EURUSD,,,,,,,,0,0,,,,EU Trade План снова отработал с абсолютной точностью и логикой. Цена «дозаправилась» в указанной зоне и продолжила нисходящее движение. Детальный анализ на стриме. Начинаем в 19:00
2024-02-29,20:03,1299,PLAN,,,,,,,,,0,1,,,,"Stream by AlexxxFX https://www.youtube.com/live/Kpq_AVbZSKk?si=N6YTeTg_ix02DNJJ Спасибо, что слушали. Надеюсь, было полезно. Запись уже доступна по ссылке. Хорошего вечера, завтра Pre-Session."
2024-03-01,08:08,1300,PLAN,,,,,,,,,0,0,,https://youtu.be/NIZN9mt7cE0,,"Pre-Session Analysis 01.03.2024 https://youtu.be/NIZN9mt7cE0 Доброе утро. Провел анализ текущих переменных, а также составил торговый план на сегодня. Уделите особое внимание логике объема, которая описана в видео. Хорошего торгового дня."
2024-03-01,08:58,1302,NOTE,,Long,,,FVG|RB,,D1|H4,,8,0,https://www.tradingview.com/x/w5rFAwKo/|https://www.tradingview.com/x/w5rFAwKo/|https://www.tradingview.com/x/oW7XQknf/|https://www.tradingview.com/x/oW7XQknf/|https://www.tradingview.com/x/MWeG5BPU/|https://www.tradingview.com/x/MWeG5BPU/|https://www.tradingview.com/x/4AZOHPtN/|https://www.tradingview.com/x/4AZOHPtN/,,,"https://www.tradingview.com/x/w5rFAwKo/ Добавлю. Общий нарратив остается все еще восходящим на основе нескольких переменных и вопрос «Откуда» скорее риторический. Стоит обратить внимание на несколько аспектов: то 1. Цена сформировала liquidity zone на D1 путем теста [-D1 RB] согласно базовой логике о том, что тест элемента PA формирует liquidity zone. (https://www.tradingview.com/x/oW7XQknf/) 2. В рамках текущей доставки цена консолидируется и взаимодействует с IRL, тем самым также формируя локальную liquidity zone. (https://www.tradingview.com/x/MWeG5BPU/) 3. Цена «замедлилась» и консолидируется над потенциальной зоной «дозаправки» в виде [+ D1 FVG]. Это является первичным признаком слабости продаж, и как правило, заканчивается на основе реакции на trigger (заметка о liquidity engineering"
2024-03-04,08:37,1310,REVIEW,,,,,,,,,0,1,,,,"Доброе утро. Сегодня выйдет видео Bias vs Price, в рамках которого я детально проанализирую логику доставки, позиции, а также заметки, которые были сделаны на протяжении прошедшей торговой недели. На данный момент в работе два ключевых видео: • Торговая стратегия: как составить / особенности? • Модель входа, с которой получил первый live. Данные видео будут основополагающими относительно выстраивания своей системы и понимания логики моделей входа, потому рекомендую уделить им особое внимание. Хорошей торговой недели, и пусть она улучшит ваш Edge на рынке."
2024-03-05,14:36,1312,REVIEW,,,,,,,,,0,1,,,,"Market Notes [Notion] В данном файле я выделил ключевые аспекты с точки зрения PA за 04.03. Обратите внимание на принцип проведения данного раздела Post-Session Analysis, а также заметки, которые были сделаны."
2024-03-05,14:54,1313,REVIEW,,,,,,,,,0,0,,https://youtu.be/BSw_ZmhvQqE,,"Bias vs Price 05.03.2024 https://youtu.be/BSw_ZmhvQqE В данном видео детально проанализировал логику доставки, позиции, а также заметки за прошедшую торговую неделю. Приятного просмотра."
2024-03-06,09:06,1315,PLAN,,,,,,,,,0,1,,,,Доброе утро. На этой неделе решил сделать перерыв по Pre-Session Analysis и сфокусироваться на работе в рамках сервера. Возвращаем с понедельника?
2024-03-09,10:28,1325,REVIEW,,,,,,,,,0,1,,,,"PA Review Доброе утро. Сегодня на сервере я проведу конференцию в рамках которой детально проанализирую доставку цены за период [14.02 — 08.03]. Основным фокусом работы будут: логика доставки, рыночные заметки, позиции, ошибки трейдеров, которые были допущены за выделенный период. Что вам будет интереснее увидеть сегодня на YouTube? • Запись данной конференции • Стандартный Bias vs Price за прошедшую торговую неделю"
2024-03-10,13:33,1329,PLAN,,,,,IDM,,,,0,1,,,,The Edge Подготовка к новой торговой неделе завершена. Она будет насыщенной с точки зрения материалов: • Вторник 19:00 — Entry Models • Четверг 18:00 — Новый эпизод Public Mentotship по теме Inducement • Также будет опубликована заметка в формате Notion с четкой структурой. С понедельника возвращаем регулярные Pre-Session Analysis. Хорошего воскресенья. THE EDGE
2024-03-11,08:15,1333,PLAN,,,,,,,,,0,0,,https://youtu.be/76Pwtpla59Q,,"Pre-Session Analysis 11.03.2024 https://youtu.be/76Pwtpla59Q Доброе утро! Как и обещал, возвращаю регулярную рубрику подготовки к торговой сессии в виде Pre-Session Analysis. В рамках данного видео обсудили ключевые переменные, среднесрочный нарратив, а также торговый план. Хорошего торгового дня и приятного просмотра."
2024-03-11,16:01,1335,TRADE_RESULT,,Short,+3.7,,FVG|SNR|RB,,D1|H4|H1,,0,0,,,,"Following the plan [+3.7R] План отработал с абсолютной точностью. Как и ожидалось, цена сняла [H4 Fractal High], который выступал ключевой опорной областью и подтвердила превалирование объема продаж путем [-H1 SNR], откуда и была открыта позиция согласно первичному торговому плану. Напишите, пожалуйста, в комментариях детальный текстовый разбор данной позиции, а также укажите ответы на следующие вопросы: • Почему не происходило дальнейшее масштабирование после [-H1 SNR]? • Почему игнорировался [+H4 RB / Fractal Low]? • Почему целью выступал именно [+D1 FVG] / [H4 Fractal Low]? Детальные ответы я предоставлю в Post-Session Analysis, где разберу позицию, а также логику торгового плана и некоторые заметки. THE EDGE"
2024-03-12,08:29,1337,TRADE_ANALYSIS,,,,,,,,,0,0,,https://youtu.be/zNDGMvmnqBk,,"Pre-Session Analysis | Trade Analysis https://youtu.be/zNDGMvmnqBk Детально проанализировал логику отработки плана за понедельник, а также позицию, которая была открыта. Обратите внимание на ответы на вопросы и заметки, которые были предоставлены. План на сегодня составлен. Хорошего торгового дня. THE EDGE"
2024-03-13,08:12,1345,PLAN,,,,,,,,,0,0,,https://youtu.be/8TnhH-Pdg1U,,"Pre-Session Analysis https://youtu.be/8TnhH-Pdg1U Доброе утро. Проанализировал отработку нарратива за вторник, а также выделил ключевые переменные на данный момент. Торговый план составлен. Хорошего торгового дня. THE EDGE"
2024-03-13,20:36,1350,TRADE_RESULT,,,+2,,VC|FVG|SNR,,D1|H4|H1|M15|M5,X+1 TF Narrative [+D1 FVG Rejection] → Strong OF Valid ;; X TF POI [+H4 FVG] → X TF TA [H4 Fractal High] → EQH Formed ;; X TF TA [H4 Fractal High] → X-1 TF POI [+H1 FVG Discount],0,0,,,,"Following the plan [+2R] План успешно отработал. Таргеты достигнуты. На данный момент план 3/3, позиции 2/2. Короткая логика позиции: • X+1 TF Narrative [+D1 FVG Rejection] → Strong OF Valid • X TF POI [+H4 FVG] → X TF TA [H4 Fractal High] → EQH Formed • X TF TA [H4 Fractal High] → X-1 TF POI [+H1 FVG Discount] • X TF Shifted POI [+H1 FVG] • X-1 TF Trigger [m15 Fractal Low] • X-2 TF VC [+m5 SNR] Видео с детальным Post-Session Analysis выйдет через 30 минут. THE EDGE"
2024-03-13,21:11,1356,REVIEW,,,,,,LOKZ,,,0,0,,https://youtu.be/m4EpDVhngkg,,"Post-Session Analysis 13.03.2024 https://youtu.be/m4EpDVhngkg В рамках данного видео были детально проанализированы: • Отработка торгового плана • Причины пропуска позиции в LOKZ и ее низкой вероятности • Детальная логика открытой позиции и ключевые формулы Думаю, вы найдете ответы на свои вопросы. Приятного просмотра и до завтра."
2024-03-14,08:19,1357,PLAN,,,,,,,,,0,0,,https://youtu.be/QZSFrzQdS8s,,"Pre-Session Analysis 14.03.2024 https://youtu.be/QZSFrzQdS8s Проанализировал ключевые переменные, а также составил торговый план на четверг. Обратите внимание на логику Dealing Range, а также формулы, которые используются для трактовки нарратива. Хорошего торгового дня. THE EDGE"
2024-03-15,08:17,1362,PLAN,,,,,,,,,0,0,,https://youtu.be/p42i34H-15A,,"Pre-Session Analysis 15.03.2024 https://youtu.be/p42i34H-15A Проанализировал отработку торгового плана за четверг, а также ключевые переменные сегодняшнего нарратива & плана. Неделя выдалась крайне продуктивной с точки зрения заметок и перформанса. На выходных новый эпизод Bias vs Price."
2024-03-15,15:53,1363,REVIEW,,,,,,,,,0,1,,,,"Weekly RoundUp Торговая неделя выдалась крайне продуктивной с точки зрения позиций, заметок, изучения доставки цены. Именно такие недели являются основополагающими для культивации личного опыта. В субботу выйдет Bias vs Price в рамках которого детально разберем доставку цены за 11.03 — 15.03 и углубимся в заметки. Данное видео будет также подкреплено заметкой в Notion-формате. В воскресенье выйдет новый выпуск из рубрики Public Mentorship — тема пока что под секретом. Надеюсь, вы достойно закрыли данную торговую неделю и улучшили свой EDGE."
2024-03-16,18:32,1364,REVIEW,,,,,,,,,0,0,,https://youtu.be/gWMuq4gp4rU,,"Bias vs Price 11.03 — 15.03 https://youtu.be/gWMuq4gp4rU?si=k0OlkXgvIHt7R9p2 В рамках данного видео я детально проанализировал логику доставки цены, заметки, а также позиции, которые были открыты на протяжении прошедшей торговой недели. Видео получилось длинным, но особенно информативным. Довольно много заметок, которые полезны с практической точки зрения. Пусть это видео поможет вам в подготовке к новой торговой неделе с практической точки зрения. Приятного просмотра. THE EDGE"
2024-03-16,18:33,1365,NOTE,,,,,,,,X TF TA → X-1 TF POI],0,1,,,,"Market Note by AlexxxFX [Market Note: X TF TA → X-1 TF POI] Как и обещал, добавляю заметку к видео в формате Notion. Данная заметка была крайне полезной с практической точки зрения в последнее время и позволила эффективно выполнить несколько позиций, которые указаны в примерах. Обратите внимание на ее логику, а также примеры использования. THE EDGE"
2024-03-17,11:29,1366,REVIEW,EURUSD,,,,,,,,0,0,,https://youtu.be/gWMuq4gp4rU,,"Bias vs Price | Market Notes https://youtu.be/gWMuq4gp4rU?si=k0OlkXgvIHt7R9p2 Напоминаю, что вчера вышло видео с детальным разбором прошедшей торговой недели. В данном видео были выделены ключевые заметки, а также логика доставки цены за период 11.03 — 15.03. Также, в рамках нашей подготовки к торговой неделе я опубликую “Sunday Thoughts” по графику EURUSD и сделаю анонс важного стрима, который пройдет на этой неделе."
2024-03-17,12:32,1367,PLAN,,,,,,,,,0,1,,,,"Sunday Thoughts Глядя на чарт, не могу не вспомнить важную заметку, которую упоминал несколько раз в рамках стримов, а также видео. Детальнее с логикой вы можете ознакомиться в данном файле: [Notion] На этой неделе я продолжу регулярные Pre-Session Analysis, потому вместе с вами постараемся эффективно монетизировать данную идею. THE EDGE"
2024-03-18,08:24,1370,PLAN,,,,,,,,,0,0,,https://youtu.be/u0Pkhmj8lxE,,"Pre-Session Analysis https://youtu.be/u0Pkhmj8lxE Доброе утро. В рамках данного видео я более детально описал логику стредоесрочного нарратива, а также составил торговый план на основе ключевых переменных. Обратите особое внимание на указанную заметку. Хорошей торговой недели. Будем продуктивно работать. THE EDGE"
2024-03-18,11:34,1373,NOTE,,,,,,,,,0,1,,,,"Market Notes Series Появилась идея сделать небольшую серию из коротких видео о ключевых рыночных заметках, которые используются чаще всего. На канале будет создан отдельный плейлист с данной рубрикой. Что вы скажете?"
2024-03-18,12:37,1374,TRADE_ANALYSIS,,,,,,,,,0,1,,https://youtu.be/cb3pXR0Vhco,,"Дверь в THE EDGE снова открыта! Мы не стоим на месте и за последние 2 месяца реализовали много значимых обновлений, которые еще больше улучшили экосистему THE EDGE для развития трейдера и Вы можете прикоснуться к ней в этом месяце. В THE EDGE вы найдете: • Новый THE EDGE Database, который покрывает все информационные потребности: статьи, детальные рыночные заметки, разборы позиций, модели входа, формулы и другое. • Обновленную версию стратегии Algorithm A-B → Storyline A-B, которая уже сформировалась в полноценную методологию. • Регулярные конференции на ключевые темы: Trade Analysis, Entry Models, Demons и другие. • Workspace, который полностью автоматизирует анализ личного перформанса трейдера. • EDGE.TV — ламповые подкасты на околотрейдинговые темы и многое другое. 80% мест было заброни"
2024-03-19,08:13,1382,PLAN,,,,,,,,,0,0,,https://youtu.be/_K_lx1KWq84,,"Pre-Session Analysis https://youtu.be/_K_lx1KWq84 Доброе утро. Детально проанализировал отработку плана за понедельник, а также рассмотрел ключевые переменные для составления торгового плана на сегодня. Хорошего торгового дня. Сегодня будет несколько важных анонсов. THE EDGE"
2024-03-19,18:50,1385,NOTE,,,,,,,,,0,1,,,,"Потребность услышал. Основная часть видео будет опубликована в рамках сервера, но на YouTube также будет создан плей-лист с основными заметками, которые имеют высокий коэффициент практической пользы вместе с примерами их использования для построения нарратива и/или открытия позиций. Серия видео начнется в скором времени. THE EDGE | BOT"
2024-03-20,08:16,1386,PLAN,,,,,,,,,0,0,,https://youtu.be/8dHsauLwzH4,,"Pre-Session Analysis https://youtu.be/8dHsauLwzH4 В рамках данного видео был проанализировал торговый нарратив за вторник, а также выделены ключевые переменные на данный момент. Обратите внимание на логику синхронизации данных переменных и заметки. Хорошего торгового дня. THE EDGE | BOT"
2024-03-20,16:48,1387,NOTE,,,,,,,,,0,1,,,,"Market Notes Series Первый эпизод из новой рубрики Market Notes Series выйдет уже в эту субботу. В рамках данной рубрики будут предоставлены ключевые рыночные заметки, которые могут быть полезны с практической точки зрения. С полной базой данных заметок вы сможете ознакомиться на сервере. THE EDGE | BOT"
2024-03-21,08:23,1391,PLAN,,Long,,,,,,,0,0,,https://youtu.be/ou7FFkpVPYo,,"Pre-Session Analysis https://youtu.be/ou7FFkpVPYo Доброе утро. В данном видео я проанализировал текущее ценообразование, отработку первоначальной лонговой идеи, а также некоторые постулаты, которые являются основополагающими для прибыльности трейдера. Хорошего торгового дня. THE EDGE | BOT"
2024-03-22,09:22,1394,PLAN,,,,,,,,,0,1,,,,"Доброе утро. Сегодня без Pre-Session, график маргинальный, потому торговый день пропускаю. За неделю не открывалось ни одной позиции — прекрасный пример игры в ожидание. Тем не менее, она была крайне продуктивной с точки зрения изучения рыночной информации, заметок, личного перформанса за последнее время. Надеюсь, у вас прошла не хуже. В рамках сегодняшнего дня сделаю несколько анонсов по датам выхода ключевых видео на YouTube, будем в очередной раз переворачивать взгляд на трейдинг. Там уже почти 4000 человек, очень удивлен. По этому поводу будет отдельный пост благодарности и некого маркапа на пути. THE EDGE | BOT"
2024-03-22,13:40,1395,REVIEW,,,,,,,,,0,0,,,,"THE EDGE До закрытия осталось 10 часов. С начала 2024 в THE EDGE произошло много фундаментальных улучшений, таких как автоматизированный Workspace, Notion Database и другие. Мы также не стоим на месте в рамках развития технической компетентности, системного и профессионального подхода к трейдингу, потому основная задача на 2 квартал стоит в обновлении информации и фокусе на личном перформансе. Участников ждут обновленные конференции, новые углубленные рыночные заметки, совместные Pre&Post-Session анализы, Monthly Performance Analysis и многое другое. Я уверен, что подобная работа в рамках второго квартала фундаментально изменит подход и взгляд на трейдинг у многих участников THE EDGE. Для доступа воспользуйтесь @TheEdgeXBot или напишите администратору."
2024-03-22,19:31,1397,NOTE,,,,,,,,,0,1,,,,"YouTube Как и говорил, завтра выйдет первый выпуск из новой рубрики Market Notes Series. Канал подходит к отметке 4000, потому, считаю, что самое время масштабировать торговую стратегию Algorithm A → B и предоставить полноценную продвинутую методологию Storyline A → B. Ожидайте анонса. Вы будете удивлены. До конца набора в THE EDGE осталось 4 часа. Не упустите свой шанс сделать 2 квартал поворотным в вашей карьере и узнать что такое по-настоящему профессиональный подход к трейдингу. Для доступа пишите администратору."
2024-03-23,11:18,1399,NOTE,,,,,,,,,0,1,,,,Market Notes Series Доброе утро. Сегодня начнем собирать пазл вашего преимущества на рынке. Эпизод 1/9 выйдет в 15:00 на YouTube. THE EDGE | BOT
2024-03-23,15:01,1400,NOTE,,,,,,,,"X TF TA → X-1 TF POI, а также привел несколько примеров ее использования",0,0,,https://youtu.be/c0Un14jcVPA,,"Market Notes Series Episode 1 https://youtu.be/c0Un14jcVPA?si=aorKjbcFQPyyPIvy Первый эпизод из 9 в рамках новой рубрики Market Notes Series. В данном эпизоде я детально описал логику заметки X TF TA → X-1 TF POI, а также привел несколько примеров ее использования. Совокупность из 9 эпизодов сложит некий пазл в вашей голове относительно логики наиболее полезных заметок с практической точки зрения и вы уже получили 1 часть. THE EDGE | BOT"
2024-03-24,11:39,1402,NOTE,,,,,,,,,0,0,,https://youtu.be/c0Un14jcVPA,1402_Market Note X TF TA → X-1 TF POI.pdf,"Market Notes Series Episode 1 [Video] [Notion] Вчера вышел 1 эпизод из новой рубрики Market Notes Series. В рамках данного эпизода я детально проанализировал одну из наиболее полезных рыночных заметок для открытия позиций и идентификации опорных областей. Рекомендую ознакомится в рамках подготовки к новой торговой неделе. Прикрепляю презентацию, а также ссылку на заметку в текстовом формате Notion. THE EDGE"
2024-03-25,12:24,1403,NOTE,,,,,IDM,,,,0,1,,,,"Добрый день. Эта неделя обещает быть крайне продуктивной с точки зрения работы и материалов. В среду в 20:00 пройдет закрытый стрим по теме Inducement для всех, кто заполнил форму. В четверг выйдет новый эпизод из рубрики Market Notes Series. Добавим еще один пазл. В пятницу в рамках завершения торговой недели также выйдет видео Algorithm A — B: Backtesting. Это видео будет в качестве подготовки к обновленной методологии Storyline A — B. Хорошей торговой недели. Проведите ее продуктивно с THE EDGE."
2024-03-25,20:55,1404,PLAN,,,,,,,,,0,1,,,,Возвращаем с завтрашнего дня Pre-Session в формате видео? День обещает быть интересным.
2024-03-26,08:14,1406,PLAN,,,,,,,,,0,0,,https://youtu.be/VZ0wB2fsSP4,,"Pre-Session Analysis 26.03.2024 https://youtu.be/VZ0wB2fsSP4 Доброе утро. Возвращаем рубрику Pre-Session Analysis. В рамках данного видео были проанализированы ключевые переменные на графике, а также составлен торговый план. Хорошего торгового дня."
2024-03-27,08:11,1411,PLAN,,,,,,,,,0,0,,https://youtu.be/Cmu0aNm1-b8,,"Pre-Session Analysis 27.03.2024 https://youtu.be/Cmu0aNm1-b8 Доброе утро. Проанализировал отработку торгового плана за вторник, а также позицию, которая была открыта в рамках адаптации. Обратите внимание на заметку, которая была использована дня открытия. Также рассмотрел переменные, на основе которых сформировал потенциальные сценарии на сегодняшний торговый день. THE EDGE"
2024-03-27,14:01,1414,TRADE_RESULT,EURUSD,,+3,,IDM|VC|FVG|RB,,H4|H1|M15,X TF POI [-H4 FVG] → X-1 TF Trigger [H1 Fractal High] → X-1 TF VC [-H1 RB] → X-2 TF IDM Entry [m15 Fractal Lunch High],0,1,,,,"EU Trade +3R Позиция была открыта по одной из формул в рамках моей стратегии при входе от Inducement. План отработал с абсолютной точностью. Формула: X TF POI [-H4 FVG] → X-1 TF Trigger [H1 Fractal High] → X-1 TF VC [-H1 RB] → X-2 TF IDM Entry [m15 Fractal Lunch High] Детальный анализ данной позиции сделаем сегодня на стриме, а также расскажу логику использования IDM согласно моей стратегии. Будет интересно. THE EDGE"
2024-03-27,21:17,1418,PLAN,,,,,,,,,0,1,,,,"Stream by AlexxxFX https://www.youtube.com/live/dTedCt7jxA0?si=0q-gOGwdNiwToLOF Спасибо, что слушали. Получил удовольствие от общения и от стрима, однозначно повторим. Запись все же решил оставить для тех, кто не успел. Уже доступна по ссылке. Надеюсь, это было полезно и вы что-то вынесли для себя. Как и обещал, статья будет опубликована завтра. Хорошего вечера, утром Pre-Session по расписанию. THE EDGE"
2024-03-28,08:08,1419,PLAN,,,,,,,,,0,0,,https://youtu.be/rhSMqMZRvlo,,"Pre-Session Analysis 28.03.2024 https://youtu.be/rhSMqMZRvlo Доброе утро. Проанализировал отработку плана за среду, а также позиции, которые были открыты. Также, рассмотрел ключевые переменные на данный момент и составил торговый план. Хорошего торгового дня."
2024-03-28,10:39,1420,NOTE,,,,,FVG,,D1,,0,1,,,,"Market Notes Series Первичный план вторника [-D1 FVG] → [D1 Fractal High] себя отработал и был успешно монетизирован. Торговля до конца недели завершена и фокус смещается на развитие своего преимущества. Потому завтра выйдет второй эпизод из рубрики Market Notes Series, в рамках которого мы «закроем 2 пазл». THE EDGE"
2024-03-29,10:15,1424,NOTE,,,,,,,,,0,1,,,,"GM Сегодня Day Off. Неделя закрыта отлично, потому стоит сфокусироваться на улучшении личного перформанса и сбережении ментального капитала, чтобы перформить при более благоприятных рыночных условиях, которые действительно предоставляют EDGE. Сегодня в 14:00 выйдет второй эпизод из рубрики Market Notes Series. Обсудим заметку с зонами наиболее проторгованного объема."
2024-03-29,14:02,1425,NOTE,,,,,FVG,,,,0,0,,https://youtu.be/eIymgx8Xg7o,,Market Notes Series https://youtu.be/eIymgx8Xg7o?si=kLWhTMWzuXYSVfeP На YouTube вышел 2 эпизод из рубрики Market Notes Series. В рамках данного эпизода я детально проанализировал рыночную заметку о зонах наиболее проторгованного объема [MTV] и когда цена не заполняет FVG: MTV Zone > FVG in Strong OF. Обратите особое внимание на логику формирования зон наиболее проторгованного объема и механику открытия позиций на основе данной заметки. Приятного просмотра. THE EDGE
2024-03-30,10:30,1427,NOTE,,,,,FVG,,,,0,0,,https://youtu.be/eIymgx8Xg7o,1427_Market Notes Series Episode 2 MTV  FVG.pdf,"Market Notes Series Episode 2 https://youtu.be/eIymgx8Xg7o?si=kLWhTMWzuXYSVfeP Вчера вышло видео в рамках которого была представлена вторая ключевая заметка, которая будет полезна с точки зрения открытия позиций, построения торгового плана и общего анализа нарратива. Также прикрепляю презентацию для более углубленного изучения. THE EDGE"
2024-04-01,18:12,1430,ANALYSIS,EURUSD,Long,,,VC|FVG|SNR,,D1|H4|H1|M15,X+1 TF Narrative [+D1 SNR Rejection] ;; X TF POI [+H4 FVG] ;; X-1 TF Trigger [H1 Fractal High],0,1,,,,Trade EU Думаю многие сегодня ждали позиции в лонг на основе стандартной цепочки: • X+1 TF Narrative [+D1 SNR Rejection] • X TF POI [+H4 FVG] • X-1 TF Trigger [H1 Fractal High] • X-2 TF VC [+m15 Displacement] Но она не отработала. Была открыта позиция в шорт. Детальный анализ опубликую в формате Notion вечером. THE EDGE
2024-04-01,20:29,1435,TRADE_ANALYSIS,,,,,,,,,0,1,,,,"Trade Analysis Текстовое описание логики, а также заметки по данной позиции вы можете найти здесь: [Notion] Также, для углубленного понимания рекомендую детальнее ознакомиться с заметкой Lunch Delivery. Она будет в рамках 3 эпизода Market Notes Series, который выйдет в четверг. THE EDGE"
2024-04-02,12:35,1436,NOTE,,,,,,,,,0,1,,,,Stream: Monthly Performance Analysis Среда 20:00. Agenda: • Потенциальные позиции • Заметки • Логика доставки
2024-04-03,13:31,1438,NOTE,,,,,,,,,0,1,,,,"Market Notes Series Завтра в 17:00 выйдет третий эпизод из рубрики Market Notes Series. Как обычно — разберем практически полезную заметку, а также примеры ее использования для построения нарратива и открытия позиций. THE EDGE"
2024-04-03,17:15,1439,TRADE_RESULT,EURUSD,,+6,,VC,,,X TF TA → X-1 TF POI → X-2 TF VC,0,1,,https://youtu.be/c0Un14jcVPA,,"EU Trade Сегодняшняя позиция по EU. +6R Оставляю аккаунт до выплаты. Лозунг апреля — 1 trade = 1 payout. Позиция открывалась согласно логике заметки X TF TA → X-1 TF POI → X-2 TF VC. Эта заметка вышла в рамках первого эпизода из рубрики Market Notes Series. Рекомендую пересмотреть для тех, кто еще не успел ознакомиться. Сегодня вечером в THE EDGE будем проводить детальный совместный Post-Session Analysis. Интересно ли вам получить текстовую выжимку относительно сегодняшнего дня?"
2024-04-03,17:38,1443,REVIEW,,,,,,,,,0,1,,,,"Post-Session Analysis На данный момент agenda для проведения Post-Session указана на картинке. Если у вас есть вопросы относительно сегодняшнего дня, то напишите их, пожалуйста, под данным постом. Я по возможности отвечу текстом, или вы найдете ответы в текстовой выжимке, которая будет опубликована вечером. THE EDGE"
2024-04-04,08:07,1445,PLAN,,,,,,,,,0,1,,,,"Доброе утро. На этой неделе был сфокусирован на личном перформансе, что принесло +9 на основные аккаунты и +6 на агрессивный. Все аккаунты оставлю на выплаты. Основной фокус был смещен на активную работу в рамках сервера, что также принесло результат отдельным участникам. Снова есть возможность с понедельника записывать Pre-Session. Возвращаем?"
2024-04-04,10:40,1446,TRADE_ANALYSIS,,,,,,,,,0,1,,,,"Market Notes Series Заметка выйдет на YouTube в 17:00. Также, сегодня опубликую Notion-файл с текстовым Post-Session Analysis за вчерашний день. В рамках файла выделил основные заметки, логику доставки и углубленный разбор позиции. Рекомендую ознакомиться."
2024-04-04,14:25,1447,REVIEW,,,,,,,,,0,1,,,,"Post-Session Analysis [Notion] Абсолютно новый формат для данного канала. Короткая текстовая выжимка из конференции «Post-Session Analysis», которая происходила в рамках сервера. В данном файле вы найдете ответы на ключевые вопросы относительно PA, варианты открытия позиций и эффективные заметки, которые помогают более эффективно идентифицировать высоковероятный торговый нарратив. Потратил несколько часов времени для структурирования и правильной формулировки информации. Рекомендую ознакомиться. THE EDGE | BOT"
2024-04-04,17:16,1448,NOTE,,,,,,,,,0,0,,https://youtu.be/Gp6hvonOSSQ,,"Market Notes Series https://youtu.be/Gp6hvonOSSQ Вышел 3 эпизод из рубрики Market Notes Series. В рамках данного эпизода была детально проанализирована логика объема на рынке, а именно, доставка цены в Lunch и условия для открытия позиций с наиболее приемлемым RR. Данна заметка была полезной в последнее время для монетизации идей, потому обратите внимание и попробуйте найти примеры использования. Примеры на графике можете опубликовать под данны постом. THE EDGE | BOT"
2024-04-06,12:59,1450,NOTE,,,,,IDM,,,,0,0,,https://youtu.be/Gp6hvonOSSQ,1450_Market Notes Series Episode 3 Lunch Delivery.pdf,"Market Notes Series Episode 3 https://youtu.be/Gp6hvonOSSQ На YouTube вышел 3 эпизод с новой заметкой под названием “Lunch Delivery”. В данном эпизоде мы поговорили о логике объема на рынке, IDM, P&D, а также как значительно улучшить RR своих позиций. Презентацию из данного видео прикрепляю. THE EDGE | BOT"
2024-04-07,11:07,1451,PLAN,,,,,,,,,0,1,,,,С понедельника Pre-Session возвращается. Неделя обещает быть продуктивной. THE EDGE | BOT
2024-04-08,08:14,1452,PLAN,,,,,,,,,0,0,,https://youtu.be/gvLTn7KesCw,,"Pre-Session Analysis 08.04.24 https://youtu.be/gvLTn7KesCw Доброе утро! Как и обещал, возвращаю рубрику регулярных Pre-Session Analysis. В рамках данного видео были проанализированы ключевые переменные и составлен торговый план на понедельник. Хорошего торгового дня и пусть эта неделя улучшит ваш EDGE на рынке. THE EDGE | BOT"
2024-04-09,08:27,1456,PLAN,,,,,,,,,0,0,,https://youtu.be/3PQYlGEgoWY,,"Pre-Session Analysis 09.04.24 https://youtu.be/3PQYlGEgoWY Доброе утро! В рамках данного эпизода анализа перед сессией была проанализирована логика и отработка плана понедельника, а также позиция, которая была открыта. Обратите внимание на логику заметки о Friday Range, RDRB и альтернативном сценарии в контексте сегодняшнего дня. THE EDGE | BOT"
2024-04-09,15:52,1457,REVIEW,EURUSD,,,,FVG,,D1|H4|H1,,0,0,,,,"Trade EU План отработал с абсолютной точностью. Цена в рамках реакции на [+H4 RDRB / FVG] произвела H1 Fractal Raid, в следствии чего была доставлена до точки [B] в виде D1 Fractal High. Напишите под данным постом ваши успехи за сегодняшний торговый день и то, чему вы научились. Вечером Post-Session Analysis в текстовом формате добавлю также сюда. THE EDGE | BOT"
2024-04-10,14:12,1462,NOTE,,,,,,,,,0,0,,,,"YouTube Stream https://www.youtube.com/live/-gEZWMD9kSo?si=6p1B4hNYKWKCMSyn Сегодня в 20:00 поговорим про Март, а именно: • Позиции • Ключевые заметки • Чему можно научиться за месяц Напишите свои вопросы на стрим под данным постом. До вечера."
2024-04-14,14:01,1476,PLAN,,,,,,,,,0,1,,https://youtu.be/wX2XcdU9baI,,"Trading Strategy “Algorithm A → B”: Backtesting https://youtu.be/wX2XcdU9baI Воскресенье — отличное время, чтобы подготовиться к новой рабочей неделе, потому рекомендую изучить схему-алгоритм торговой стратегии, а также пересмотреть видео с бэктестом. С понедельника возвращаем Pre-Session Analysis. Неделя обещает быть продуктивной. THE EDGE | BOT"
2024-04-15,08:13,1477,PLAN,,,,,,,,,0,0,,https://youtu.be/P6wbARW5VSA,,"Pre-Session Analysis 15.04.24 https://youtu.be/P6wbARW5VSA Доброе утро. В данном видео были проанализированы ключевые переменные на графике, а также составлен торговый план и условия для его монетизации. Обратите внимание на заметки и логику наиболее эффективных Continuation Trades. В свое время это сильно помогло мне повысить уровень перформанса и WR. Хорошего торгового дня. THE EDGE | BOT"
2024-04-15,16:58,1480,REVIEW,,,,,,,,,0,1,,,,"THE EDGE Vibes Думаю вы уже ознакомились с рабочей этикой THE EDGE, в рамках YouTube-канала. Основная цель — системность, углубленное изучение доставки цены, формирования преимущества. Сегодня выдался довольно интересный день. Вечером проведем совместный Post-Session Analysis и,возможно, опубликую текстовую выжимку ключевых аспектов. THE EDGE | BOT"
2024-04-16,08:12,1482,PLAN,,,,,,,,,0,0,,https://youtu.be/5Da1-lgrnqo,,"Pre-Session Analysis 16.04.24 https://youtu.be/5Da1-lgrnqo Доброе утро. Детально проанализировал логику, отработку торгового плана понедельника, а также позицию, которая была открыта на его основе. Обратите внимание на ключевые заметки относительно того, почему позиции не рассматривались в Лондон, а также логическую интерпретацию доставки. Сегодня буду более осторожен с точки зрения выполнения позиций. Хорошего торгового дня. THE EDGE | BOT"
2024-04-17,08:16,1485,PLAN,,,,,,,,,0,0,,https://youtu.be/qScrTZVHr6M,,"Pre-Session Analysis 17.04.24 https://youtu.be/qScrTZVHr6M Доброе утро. Pre-Session получился более детальным, чем обычно. Углубились в логику P/D, Strong OF, а также объема. В видео была проанализирована отработка плана за вторник, а также составлен торговый план на сегодня. Обратите особое внимание на те аспекты, которые были указаны выше и позицию. THE EDGE | BOT"
2024-04-17,20:56,1489,PERFORMANCE,,,+2,,,,,,0,0,,,,План отработал с абсолютной точностью. День закрыт в +2R.
2024-04-18,08:14,1494,PLAN,,,,,,,,,0,0,,https://youtu.be/qRmOyssidqs,,Pre-Session Analysis 18.04.24 https://youtu.be/qRmOyssidqs Доброе утро. Проанализировал ключевые переменные и составил торговый план. Обратите внимание на потенциальные опорные области и почему именно они интересный на данный момент. THE EDGE | BOT
2024-04-19,14:45,1497,PLAN,,,,,,,,,0,1,,,,"Неделя получилась крайне продуктивной с точки зрения личного перформанса, а также работы в рамках THE EDGE. Сегодня Day Off, потому уделил время для Weekly Performance Analysis и углубился в свою стратегию. На этой неделе Pre-Session был пристально точным, думаю вы это заметили, потому завтра выйдет видео Bias vs Price с детализированным разбором доставки в рамках недели, заметками, а также углубленной логикой позиций. Новую заметку в рамках Market Notes Series решил опубликовать в понедельник и более основательно к ней подготовиться в формате презентации. Надеюсь, ваша торговая неделя также была продуктивной. THE EDGE | BOT"
2024-04-20,16:21,1498,REVIEW,,,,,,,,,0,0,,https://youtu.be/6d5Tfcm0UOc,,"Bias vs Price 15.04 — 19.04 https://youtu.be/6d5Tfcm0UOc В рамках данного видео провел углубленный анализ доставки цены, а также выделил заметки и позиции, которые были открыты за прошедшую торговую неделю. Рекомендую уделить особое внимание заметкам, поскольку на примерах в видео вы поймете насколько значимое преимущество на рынке они предоставляют. Приятного просмотра и не забывайте проводить личный Weekly Performance Analysis. THE EDGE | BOT"
2024-04-22,08:35,1501,PLAN,,,,,,,,,0,0,,https://youtu.be/WI1UEfSQMWM,,"Pre-Session Analysis 22.04.24 https://youtu.be/WI1UEfSQMWM Доброе утро, начинаем новую торговую неделю с низкого старта. Переменные проанализированы. Торговый план составлен. Хорошего торгового дня и недели. THE EDGE | BOT"
2024-04-23,09:33,1504,NOTE,,,,,,,,,0,1,,,,"Market Notes Series Доброе утро. Сегодня Flash Manufacturing PMI, а также Low-Probability Environment на графике, потому торговый день пропускается и, следовательно, можно уделить время повышению своего EDGE на рынке. Потому сегодня выйдет следующий эпизод рубрики Market Notes Series, в рамках которого мы поговорим о логике Strong OF, его идентификации/инвалидации и эффективном применении. THE EDGE | Community"
2024-04-23,16:08,1505,NOTE,,,,,,,,,0,0,,https://youtu.be/_Kr0hjVa7OI,,"Market Notes Series Episode 4: Strong Order Flow Invalidation https://youtu.be/_Kr0hjVa7OI В рамках четвертого эпизода из рубрики Market Notes Series была детально проанализирована логика Strong Order Flow, а также основные формулы для его инвалидации согласно стратегии. Уделите особое внимание логике, которая стоит за этими формулами и изучите примеры на графике. Это видео — 4 пазл из 9. Приятного просмотра. THE EDGE | COMMUNITY"
2024-04-24,08:15,1509,PLAN,,,,,,,,,0,0,,https://youtu.be/_tDfa2it3rI,,"Pre-Session Analysis 24.04.24 https://youtu.be/_tDfa2it3rI GM 2.0 Интересный чарт. Проанализировал ключевые аспекты, а также составил торговый план. Уделите рекомендую сфокусироваться на логике выставления именно такой цели, формулах, которые были использованы и заметках. Хорошего торгового дня и пусть он принесет вам ценный опыт. THE EDGE | COMMUNITY"
2024-04-25,15:42,1514,NOTE,,,,,,,,,0,0,,https://youtu.be/_Kr0hjVa7OI,1514_Market Notes Series Episode 4 Strong Order Flow Invalidation.pdf,"YouTube Stream Сегодня сместил фокус на работу в рамках THE EDGE, потому стрим перенесем на понедельник. Также, поскольку сегодня Day Off, то рекомендую пересмотреть новое видео из рубрики Market Notes Series про логику Strong Order Flow. Отчетливое понимание данной логики было крайне эффективным с точки зрения перформанса в последнее время. THE EDGE | COMMUNITY"
2024-04-29,08:23,1517,PLAN,,,,,,,,,0,0,,https://youtu.be/JnnzYgGxV4c,,"Pre-Session Analysis 29.04 — 03.05 https://youtu.be/JnnzYgGxV4c Доброе утро, трейдеры. Возвращаемся к активной работе. В рамках данного видео я детально проанализировал переменные, а также новостной фон и составил торговый план на день и неделю. Уделите особое внимание заметке про Rejection, она крайне полезна с точки зрения TDA и открытия позиций. На этой неделе будет активная работа и много материала. THE EDGE | COMMUNITY"
2024-04-29,09:41,1518,PLAN,,,,,,,,,0,1,,,,"Недавно в рамках сервера проводили конференцию по углубленному пониманию и логике работы с проблемными зонами FTA / TA. Напишите, пожалуйста, под данным постом какие видео вы хотели бы видеть на этой неделе: 1. FTA & TA: логика и правила работы для эффективного выполнения позиций. 2. Public Trading Mentorship: Storyline Basics или как строить эффективный нарратив. 3. Pre-Session Routine: основные правила подготовки к торговой сессии для улучшения перформанса. 4. THE EDGE News: анализ, правила торговли, база данных для повышение преимущества на рынке."
2024-04-30,08:15,1521,PLAN,,,,,,,,,0,0,,https://youtu.be/hQhNdFmbFiw,,"Pre-Session Analysis 30.04.24 https://youtu.be/hQhNdFmbFiw Доброе утро. Получился, наверное, самый информативный эпизод за последнее время. Были выделены ключевые заметки, а также позиция, которая была открыта в рамках адаптации плана. Уделите этим аспектам особое внимание. План составлен. Хорошего торгового дня. THE EDGE | COMMUNITY"
2024-04-30,10:02,1522,REVIEW,,,,,,,,,0,0,,,,На самом деле план был сформирован еще вчера вечером во время проведения совместного Post-Session Analysis в рамках сервера. Получились наиболее информативные 30 минут за последние дни. Грузим на YouTube сегодня? THE EDGE | COMMUNITY
2024-04-30,15:19,1523,REVIEW,,,,,,,,,0,1,,,,"Атмосфера в THE EDGE. Подготовка → Продуктивная работа → Анализ → Результат. Все, кто делал бронирование уже получили возможность раннего доступа. Места, которые остались будут доступны завтра на открытии набора. Будьте готовы. Post-Session Analysis выйдет сегодня в 18:00 на YouTube. THE EDGE | COMMUNITY"
2024-04-30,17:47,1525,REVIEW,,,,,,,,,0,0,,https://youtu.be/l2L_kCFMTn4,,Post-Session Analysis by THE EDGE https://youtu.be/l2L_kCFMTn4 Основополагающими факторами постоянного развития и прогресса являются обмен опытом и его непосредственная «генерация». Потому в THE EDGE мы всегда выходим за рамки «стандартных» конференций и часто можем проводить углубленные Pre&Post-Session Analysis совместно с целью получения максимального количества полезной информации. Перед вами одна из таких Post-Session конференций. Приятного просмотра. THE EDGE | COMMUNITY
2024-05-01,13:58,1526,NOTE,,,,,,,,,0,0,,,,"YouTube Stream https://www.youtube.com/live/OhSHDFuXGwg?si=-jAc1eWBjHp3h1KT Пока рынок не предоставляет возможностей с высокой вероятностью мы займемся улучшением своего преимущества. Приходите в 20:00. Поговорим. В программе ключевые заметки, позиции, маркет. THE EDGE | COMMUNITY"
2024-05-01,21:01,1537,PLAN,,,,,,,,,0,0,,,,"https://www.youtube.com/live/OhSHDFuXGwg?si=9fP4QALRFlxahere Однозначно самый информативный стрим за последнее время. Как и обещал, запись оставляю и она уже доступна по ссылке. Большое спасибо, что слушали. Честно говоря, получил удовольствие от стрима и взаимодействия с вами. Надеюсь, было полезно и вы получили пищу для размышлений. Обязательно повторим на неделе. Pre-Session утром по расписанию. Хорошего вечера. THE EDGE | COMMUNITY"
2024-05-02,08:15,1538,PLAN,,,,,,,,,0,0,,https://youtu.be/9sBq0XgHTmQ,,"Pre-Session Analysis 02.05.2024 https://youtu.be/9sBq0XgHTmQ Доброе утро, трейдеры. График выглядит довольно интересно. Как всегда — были проанализированы ключевые переменные и составлен торговый план в синхронизации с новостным фоном. Уделите внимание сценарию в формате «А что если». THE EDGE | COMMUNITY"
2024-05-03,18:32,1545,REVIEW,,,,,,,,,0,1,,,,"THE EDGE Community До закрытия осталось 15 мест. В этом месяце мы погрузимся в логику работы с новостными драйверами с помощью нового проекта THE EDGE News, а также углубимся в стратегию Storyline A → B: triggers, key levels, logic. Вас ждут регулярные «5-минутки», совместные Pre&Post-Session Analysis и, действительно продуктивная работа. Месячная подписка составит 59$. 3 месяца — 165$. Для доступа воспользуйтесь @TheEdgeXBot или напишите нашему администратору @edge_onlooker."
2024-05-07,19:01,1550,PLAN,,,,,,,,,0,1,,,,Добрый вечер. Вернулся в работу. С завтрашнего дня возвращаю Pre-Session. Четверг - новый эпизод Public Mentorship. Голова свежая. Full work mode. До завтра.
2024-05-08,08:36,1552,PLAN,EURUSD,,,,,,,,0,0,,https://youtu.be/Yzm83BrxrQk,,"Pre-Session Analysis 08.05.2024 https://youtu.be/Yzm83BrxrQk Доброе утро. В рамках данного видео были проанализированы все ключевые переменные на графике EURUSD, а также составлен торговый план. Обратите внимание на логику выделения торговых диапазонов, тайминг отработки плана и условия его инвалидации. THE EDGE | COMMUNITY"
2024-05-09,20:12,1556,PLAN,,,,,IDM,,,,0,0,,,,"Сегодня весь день отсутствовал, тем не менее, план, который сформировали вчера себя отработал. Завтра будет Pre-Session и новый эпизод из рубрики Public Mentorship. Там мы поговорим про рыночный аукцион и почему IDM настолько эффективный инструмент. Уверен, у вас откроются глаза. Также, завтра день рождения THE EDGE. 1 год. Столько работы, столько людей поменяли взгляд на трейдинг. В честь этого сделаем стрим на неделе. Будет интересно. THE EDGE | COMMUNITY"
2024-05-10,08:20,1558,PLAN,,,,,,,,,0,0,,https://youtu.be/MranCUzbfuo,,"Pre-Session Analysis 10.05.24 https://youtu.be/MranCUzbfuo Доброе утро. Получился очень информативный эпизод. Выделил несколько правил из моей стратегии и логических аспектов для эффективного TDA. Переменные проанализированы, план составлен. Уделите внимание последовательности его составления и синхронизации переменных. В каждом эпизоде я оставляю для вас «пазл». И если смотрите внимательно — вы точно его найдете. Сегодня очень важный день. День рождения THE EDGE. Будет пост и небольшой бонус для вас. THE EDGE | COMMUNITY"
2024-05-13,08:22,1563,PLAN,,,,,SNR,,,,0,0,,https://youtu.be/ExI0TqM4Mrk,,"Pre-Session Analysis 13.05.24 https://youtu.be/ExI0TqM4Mrk Доброе утро. В рамках данного видео были проанализированы ключевые переменные и составлен торговый план. Уделите внимание заметке о тесте SNR и «пазле», который я спрятал в этом видео. Хорошей торговой недели и пусть она принесет нам ценный опыт. THE EDGE | COMMUNITY"
2024-05-13,14:51,1564,REVIEW,,,,,,,,,2,0,https://www.tradingview.com/x/3kLGyL3s/|https://www.tradingview.com/x/3kLGyL3s/,,,"https://www.tradingview.com/x/3kLGyL3s/ План отработал. Единственное, без ARL Raid, потому был адаптирован на основе новых переменных. Было открыто 2 позиции. Вечером сделаю Post-Session Analysis с логикой в текстовом формате. THE EDGE | COMMUNITY"
2024-05-13,18:20,1566,REVIEW,,,,,,,,X TF TA → X-1 TF POI,0,1,,,,"Post-Session Analysis 13.05.24 [Analysis] В рамках данного файла проанализировал логику отработки торгового плана, открытые позиции и заметки, которые были использованы. Уделите особое внимание внимание логике идентификации точки [B], почему игнорировался Friday Low и формуле X TF TA → X-1 TF POI. THE EDGE | COMMUNITY"
2024-05-14,08:32,1567,TRADE_ANALYSIS,,,,,,,,,0,0,,https://youtu.be/PLw7Rw4j67w,,"Pre-Session Analysis | Trade Analysis https://youtu.be/PLw7Rw4j67w Доброе утро. В рамках данного видео были проанализированы позиции, которые открывались в понедельник, а также детальная логика отработки плана. Также, были синхронизированы все доступные переменные и составлен торговый план на сегодня. Как всегда — оставил для вас «пазл». Будьте внимательны. Пусть сегодняшний день принесет нам ценный опыт. THE EDGE | MEMBERHSIP"
2024-05-14,16:41,1572,PLAN,,,,,,,,,0,0,,https://youtu.be/PLw7Rw4j67w,,"Среднесрочный план отработал. План понедельника отработал. План сегодня отработал. Рекомендую пересмотреть последние эпизоды Pre-Session, поскольку именно там я оставил «ключевые пазлы». Интересно ли вам видео о методике улучшения навыков TDA и формирования торгового плана?"
2024-05-15,18:51,1579,PLAN,,,,,,,,,0,1,,https://youtu.be/3LEpB6abHTk,,"Рекомендую пересмотреть данное видео. Раскроет многие аспекты. Буду рад получить конструктивный фидбэк. А мы пока, как всегда, работаем над своим преимуществом. Хорошего вечера. Завтра Pre-Session по расписанию. THE EDGE | MEMBERSHIP"
2024-05-20,08:21,1582,PLAN,,,,,,,,,0,0,,https://youtu.be/8Mfrgh9dc6A,,"Pre-Session Analysis 20.05.24 | Market Notes https://youtu.be/8Mfrgh9dc6A Доброе утро. Новая рабочая неделя дает новые возможности. В рамках данного видео уделили особое внимание заметкам и их логики с точки зрения трактовки ценообразования, а также формирования торгового плана. Получился крайне информативный Pre-Session. Пусть текущая торговая неделя принесет вам ценный опыт. THE EDGE | MEMBERSHIP"
2024-05-20,13:33,1585,NOTE,,,,,,,,,0,1,,,,"YouTube Stream Четверг 19:00. Agenda: Market Auctions, Q&A, Market Review. В четверг углубился в ключевые вопросы относительно Price Action, логику трактовки ценообразования сквозь призму объема, а также обсудим рынок и ключевые заметки. Приходите, будет интересно. THE EDGE | MEMBERSHIP"
2024-05-20,15:44,1586,PLAN,,,,,,,,,0,0,,https://youtu.be/8Mfrgh9dc6A,,План с Pre-Session в процессе отработки.
2024-05-22,08:49,1588,PLAN,,,,,IDM,,,X-1 TF,0,0,,https://youtu.be/yuqfnFE-W6I,,"Pre-Session Analysis 22.05.24 | Market Notes https://youtu.be/yuqfnFE-W6I Доброе утро, трейдеры! В рамках данного видео были детально проанализированы ключевые переменные и сформирован торговый план на сегодняшний день. Уделите особое внимание заметке и логике валидации объема в рамках опорных областей с помощью IDM на X-1 TF. Оставил для важный «пазл». Хорошего торгового дня и пусть он принесет нам ценный опыт. THE EDGE | MEMBERSHIP"
2024-05-22,17:38,1589,PLAN,,,,,IDM|Swing,,,,0,0,,https://youtu.be/yuqfnFE-W6I,,"Trades План на сегодня отработал. Позицию не закрыло на глубоком тесте ввиду правила «3 тиков». С понедельника по среду было открыто 3 позиции согласно торговым планам. Каждый из планов отработал в точности. Каждая позиция была прибыльной. Также, на данный момент начал диверсифицировать свою торговлю путем открытия свинг-позиций в синхронизации с intraday с целью повышения качества перформанса. На графике — обратите внимание на торговые диапазоны и логику IDM. Сегодня описывал это детально в Pre-Session, потому советую уделить внимание. В 18:00 будем проводить совместный Post-Session в рамках THE EDGE. Интересно ли вам увидеть запись, а также стоит ли мне показывать как я интегрирую свинг-торговлю в свою стратегию? THE EDGE | MEMBERSHIP"
2024-05-22,20:10,1591,PLAN,,,,,,,,,0,1,,,,"Post-Session Analysis Конференция получилась крайне информативной. Поскольку завтра Flash Manufacturing PMI и, соответственно — day off, то запись данной конференции опубликую утром вместо Pre-Session. В рамках данного видео был проведен углубленный анализ Price Action за период 20.05 - 22.05, выделены ключевые заметки и позиции. Уверен, принесет вам пользу. Хорошего вечера и до завтра! THE EDGE | MEMBERSHIP"
2024-05-23,10:11,1593,REVIEW,,,,,,,,,0,0,,https://youtu.be/pxDs54K39do,,"Post-Session Analysis by THE EDGE Q&A | Market Notes | Trades https://youtu.be/pxDs54K39do Доброе утро. Поскольку сегодня Day Off ввиду Flash Manufacturing PMI, то сегодня будем работать над преимуществом. Вчера провели совместный Post-Session в рамках THE EDGE и вы уже можете ознакомиться с записью по ссылке. В рамках данного видео был проведен углубленный анализ Price Action, позиции, а также ключевые заметки, которые были наиболее полезны в рамках построения нарратива на этой неделе. Уверен, будет полезно. THE EDGE | MEMBERSHIP"
2024-05-23,14:42,1597,NOTE,,,,,,,,,0,1,,,,YouTube Stream В 19:00 встретимся на стриме. Agenda: • Market Review • Market Notes • Q&A THE EDGE | MEMBERSHIP
2024-05-25,12:58,1602,REVIEW,,,,,,,,,0,1,,https://youtu.be/pxDs54K39do,,"Добрый день! Выходные — отличное время, чтобы подготовиться к новой торговой неделе, потому рекомендую пересмотреть: • Post-Session by THE EDGE за 23.04 • YouTube Stream: Q&A В рамках данных видео был представлен углубленный анализ ценообразования на прошедшей неделе, а также предоставлены ответы на ключевые вопросы. Приятного просмотра и хороших выходных."
2024-05-27,08:08,1603,PLAN,EURUSD,,,,,,,,0,0,,https://youtu.be/oP4iWOpVfFE,,"Pre-Session Analysis https://youtu.be/oP4iWOpVfFE Доброе утро! Начинаем рабочую неделю с углубленного анализа среднесрочного и краткосрочного нарратива по EU, который представлен в рамках данного видео. Также, обратите внимание на заметку о Key Levels и торговых диапазонах. Хорошей торговой недели. Нас ждет активная работа. THE EDGE | MEMBERSHIP"
2024-05-28,08:06,1605,PLAN,,,,,,,,,0,0,,https://youtu.be/9hHRfjsVF90,,"Pre-Session Analysis 28.05.24 | Storyline A → B https://youtu.be/9hHRfjsVF90 Доброе утро. В рамках данного видео были проанализированы ключевые переменные и составлен торговый план. Также, я углубился в логику формирования Storyline и указал как именно использую фильтр для ситуаций с низкой вероятностью. Очередной пазл. Хорошего торгового дня. THE EDGE | MEMBERSHIP"
2024-05-28,21:41,1608,PLAN,,,,,,,,,0,0,,,,Trading Plan Завтра должен быть интересный Pre-Session. Приготовил очередной важный пазл. THE EDGE | MEMBERSHIP
2024-05-29,08:10,1611,PLAN,,,,,RB,,,,0,0,,https://youtu.be/RMYkjEty9ag,,"Pre-Session Analysis 29.05.24 | RB Logic https://youtu.be/RMYkjEty9ag Доброе утро. В рамках данного видео была детально проанализирована отработка плана за вторник, а также сформирован торговый план на сегодня. Как и обещал вчера — добавил новый пазл про логику Rejection Block, рекомендую уделить особое внимание. Хорошего торгового дня. THE EDGE | MEMBERSHIP"
2024-05-29,22:06,1615,PLAN,,,,,SNR,,D1|H4,,0,0,,,,"Trading Plan План вторника отработал с точностью: цена развернулась именно от D1 Fractal High, который был указан. План среды отработал с точностью: цена продолжила движение от ближайшего [-H4 SNR]. Цель достигнута. Движение монетизировано. В каждом Pre-Session выкладываюсь, чтобы показать максимально объективный и детальный анализ, а также предоставить «пазл» — потому буду рад фидбэку. Было принято решение сделать обновление в рамках THE EDGE на следующий месяц. Регулярные совместные онлайн Pre-Session, чтобы еще больше повысить их эффективность. Больше информации в скором времени. THE EDGE | MEMBERSHIP"
2024-05-30,20:00,1621,PLAN,,,,,,,,,0,1,,,,"Спасибо, что слушали. В скором времени все проблемы анализа, которые были описаны в рамках стрима будут закрыты с помощью WS 2.0. Запись конференции уже доступна по ссылке. https://www.youtube.com/live/As0vVBtOCrI?si=e42zWw0n80p05dOZ Утром Pre-Session по расписанию. А пока что — вечерний Vibe THE EDGE. До завтра!"
2024-05-31,08:41,1625,PLAN,,,,,,,,,0,0,,https://youtu.be/TCUAGvKLri4,,"Pre-Session Analysis 31.05.24 https://youtu.be/TCUAGvKLri4 Доброе утро! В рамках данного видео я провел детальный анализ ценообразования за среду и четверг, а также сформировал торговый план. Обратите внимание на переменные, которые использую для пропуска торговли, а также что я ожидаю на открытии Июня. THE EDGE | MEMBERSHIP"
2024-05-31,13:44,1626,PLAN,,,,,,,,,0,1,,,,"Дверь в THE EDGE MEMBERSHIP открыта. Мы не перестаем работать над развитием экосистемы THE EDGE и каждый месяц представляем обновления, которые повышают преимущество наших трейдеров на рынке и в этом месяце мы с Вами сможем поработать вместе! В MEMBERSHIP Вы найдете: • Методология Storyline: A → B. Углубленное изучение и возможность формирования или улучшения Вашей собственной торговой системы с использованием логики и понятного алгоритма. • THE EDGE Database. Крупнейшая информационная база с исчерпывающей и последовательной информацией, которая структурирует Ваши знания и техническую компетенцию. • THE EDGE Workspace. Рабочее пространство, которое закроет потребность в систематизации и анализе личного перформанса. • Регулярные Pre-Session [NEW!]. В этом месяце мы решили сфокусироваться на"
2024-06-03,11:02,1637,PLAN,,,,,,,,,0,1,,,,"THE EDGE Membership Как и говорил ранее, в этом месяце мы решили сделать очередной апдейт для работы над преимуществом участников — совместные регулярные Pre-Session Analysis. Это повысит навыки формирования торгового плана, TDA, а также умение синхронизировать ключевые переменные. Сегодня провели первый Pre-Session вместе. 40 минут — график крайне интересный, план сформирован. Видео на YouTube также буду публиковать, только реже и с более высоким качеством детализации. До закрытия набора в этом месяце осталось 3% мест. Для того, чтобы стать частью THE EDGE вы можете воспользоваться @TheEdgeXBot или написать нашему администратору @edge_onlooker."
2024-06-05,08:33,1644,PLAN,,,,,VC,,,,0,0,,https://youtu.be/NN4K-fwpAZ0,,"Pre-Session Analysis 05.06.24 | Volume Logic & TDA https://youtu.be/NN4K-fwpAZ0 Доброе утро. В рамках данного видео я решил углубиться в логику Volume Confirmation, Trigger и TDA, поскольку она соотносится с текущим торговым планом. Обратите внимание на схемы, которые представлены в видео и трактовку TDA, а также валидацию опорных областей. Видео получилось крайне информативным. Очередной пазл внутри. Хорошего торгового дня. THE EDGE | MEMBERSHIP"
2024-06-08,11:57,1653,PLAN,,,,,,,,,0,1,,,,"Добрый день. Думал какое видео было бы наиболее полезным для абсолютно большинства и решил исходить из обратного — выявить навык, которого большинству не хватает. Практика показала, что написание Pre-Session вызывает у трейдеров наиболее частые трудности, а именно: • Объективный взгляд на график • Идентификация ключевых переменных • Формирование торгового плана на основе переменных Таким образом, думаю над тем, чтобы сделать видео о том «Как делать Pre-Session более эффективно и как научиться выделять все ключевые переменные для наиболее точного анализа?» Что скажете? THE EDGE | MEMBERSHIP"
2024-06-09,22:00,1654,PLAN,,,,,,,,,0,1,,,,Нас ждет очень насыщенная торговая неделя. Завтра утром будет Pre-Session с формированием плана на неделю и на день. Доброй ночи. THE EDGE | MEMBERSHIP
2024-06-10,08:12,1655,PLAN,,,,,,,W1,,0,0,,https://youtu.be/H2E0jcQF1Mw,,"Pre-Session Analysis 10.06.24 | Technical & Fundamental Analysis | Market Notes https://youtu.be/H2E0jcQF1Mw Доброе утро. График непростой, но эпизод получился самым информативным за последнее время. Он получился «нестандартным», поскольку провел технический анализ в синхронизации с фундаментальным: анализом новостных драйверов и их потенциальным влиянием на график на этой неделе. Уделите внимание логике текущей опорной области на W1 и плану, который был сформирован на неделю. Пусть текущая торговая неделя принесет вам ценный опыт и вы улучшите свой EDGE. THE EDGE | MEMBERSHIP"
2024-06-10,14:05,1656,PLAN,,,,,,,,,0,1,,,,"Как готовиться к торговой сессии? Top-Down Analysis & Trading Plan Начинаю подготовку к видео о том, как готовиться к торговой сессии и научиться максимально объективно не только идентифицировать переменные на графике, но и синхронизировать их в торговый план. В данном выпуске я постараюсь закрыть проблему объективности, последовательности и эффективности анализа графика. THE EDGE | MEMBERSHIP"
2024-06-11,13:47,1657,PLAN,,,,,,,,,0,1,,,,"YouTube Stream https://www.youtube.com/live/jgxT1yYHiNk?si=l66r5INCt_lr5FAc Четверг 18:00 Проблему анализа графика и Pre-Session закроем с помощью видео. Проблему стратегии обсудим на стриме. Мы поговорим о том, из чего должна состоять торговая стратегия, какие разделы должны быть обязательно, какие ошибки трейдеры допускают чаще всего при формировании торговой стратегии, обсудим Storyline A → B и многое другое. Готовлюсь к стриму основательно. THE EDGE | MEMBERSHIP"
2024-06-13,20:14,1663,PLAN,,,,,,,,,0,1,,,,"https://www.youtube.com/live/jgxT1yYHiNk?si=5mq27UgqU6DFihm4 Спасибо, что слушали. Запись стрима уже доступна по ссылке. Надеюсь, было полезно и информативно. Завтра Pre-Session по расписанию, есть много чего, что хочется выделить в рамках переменных. Хорошего вечера. THE EDGE | MEMBERSHIP"
2024-06-14,08:41,1664,PLAN,,,,,,,,,0,0,,https://youtu.be/jabLEWyayQY,,"Pre-Session Analysis 14.06.24 | Mid-Term Trading Plan https://youtu.be/jabLEWyayQY Доброе утро! В рамках видео я рассмотрел ключевые переменные, а также сформировал среднесрочный торговый план. Первая половина Июня прошла в режиме ожидания, но я уверен, что вторая предоставит возможности для монетизации. В эпизоде я также указал на какие переменные я буду опираться для валидации / инвалидации текущего плана. Приятного просмотра, готовимся перформить во второй половине Июня. THE EDGE | MEMBERSHIP"
2024-06-17,08:01,1676,PLAN,,,,,,,,,0,1,,,,"Top-Down Analysis. Trading Plan. Доброе утро! Как и говорил ранее, одна из значимых проблем трейдеров это отсутствие структуры подготовки перед сессией и необъективный взгляд на график. В данном видео будет представлена структура, разделы и методика повышения объективности идентификации переменных, чтобы ваш торговый план был наиболее эффективным и навык его построения постоянно повышался. Видео выйдет в четверг в 18:00. THE EDGE | MEMBERSHIP"
2024-06-17,10:36,1677,PLAN,,,,,,,,,0,1,,,,"THE EDGE План на неделю сформирован. Выделены ключевые переменные, которые будут фундаментальными точками принятия решений. Завтра утром выйдет Pre-Session Analysis, в рамках которого мы обсудим данный план, а также я добавлю очередной «пазл». Хорошей торговой недели. THE EDGE | MEMBERSHIP"
2024-06-18,08:19,1678,PLAN,EURUSD,,,,,,,,0,0,,https://youtu.be/82EBn5UI_IQ,,"Pre-Session Analysis: Торговый план и Фундаментальный анализ новостей. Key Levels. https://youtu.be/82EBn5UI_IQ Доброе утро! В рамках данного видео я провел углубленный анализ переменных по EURUSD, а также составил торговый план среднесрочно и для intraday. Параллельно, были проанализированы новостные драйверы сегодня: их влияние на цену, волатильность и характер доставки во время релиза. Также, я добавил «пазл», который поможет более эффективно идентифицировать истинность реакции цены на триггеры и Key Levels. Приятного просмотра. THE EDGE | MEMBERSHIP"
2024-06-21,09:01,1682,PLAN,,,,,,,,,0,0,,https://youtu.be/1T74gLJ8oU4,,"Top-Down Analysis & Trading Plan by AlexxxFX. Наиболее эффективный метод анализа графика. https://youtu.be/1T74gLJ8oU4?si=iIRRjTA--lmhwCi9 Практика показала, что у абсолютного большинства трейдеров есть фундаментальная проблема: хаотичность подготовки к торговой сессии. Основные характеристики данной проблемы это: 1. Субъективный и поверхностный анализ графика: TDA 2. Отсутствие четкой структуры и последовательности 3. Хаотичный торговый план В данном видео детально представлена логика и методика проведения Top-Down Analysis, а также структура формирования торгового плана. Также, в видео я углубленно описал упражнение, которое помогло повысить объективность TDA, торгового плана и сделать их наиболее эффективными. Уделите внимание вопросам, частым ошибкам и методике повышения уровня навыков"
2024-06-24,16:45,1687,PLAN,,,,,,,,,0,0,,https://youtu.be/1T74gLJ8oU4,1687_TDA_&_Trading_Plan_Подготовка_к_торговой_сессии_by_AlexxxFX.pdf,"TDA & Trading Plan. Как эффективно анализировать график? https://youtu.be/1T74gLJ8oU4?si=iIRRjTA--lmhwCi9 Добрый день. Последние дни решил уделить время «перезагрузке» перед новым вектором в рамках THE EDGE. Со среды полностью возвращаюсь в работу по контенту, пока что думаю над темой стрима. На канале вышло видео о TDA, а именно: как формировать торговый план, повысить объективность и эффективность анализа, а также о решении наиболее значимых ошибок в анализе. Именно TDA это фундаментальная основа подготовки к торговой сессии, потому рекомендую уделить данному видео особое внимание. THE EDGE | MEMBERSHIP"
2024-06-27,08:17,1690,PLAN,EURUSD,,,,,,,,0,0,,https://youtu.be/sj0TFnXYXKY,,"Pre-Session Analysis | Auction Market Theory | Fractal High & Low Logic https://youtu.be/sj0TFnXYXKY Доброе утро, трейдеры. В рамках данного видео были детально проанализированы переменные на графике EURUSD и составлен торговый план. Также, я углубился в теорию рыночных аукционов и логику формирования фрактальных точек на графике. В видео я оставил «пазл», который просто и эффективно поможет идентифицировать силу и слабость тренда, а также зоны коррекции с высокой вероятностью. Хорошего торгового дня. THE EDGE | MEMBERSHIP"
2024-06-27,16:34,1691,NOTE,,,,,,,,,0,1,,,,"YouTube Stream Вторник 19:00. В последнее время рынок был крайне информативным с точки зрения технических «уроков», потому во вторник в рамках стрима мы детально обсудим основные рыночные заметки, логику использования отдельных инструментов, как валидировать проблемные зоны, что делать при наличии контр-нарратива и многое другое. Приходите, будет интересно. THE EDGE | MEMBERSHIP"
2024-06-30,16:19,1693,PLAN,,,,,,,,,0,1,,,,"THE EDGE Добрый день. На этой неделе нас ждет крайне активная и продуктивная работа. Решил вернуть на неделю регулярные Pre-Session Analysis, в рамках которых буду предоставлять «пазл» на ежедневной основе. Также, мы встретимся на YouTube Stream, на котором обсудим маркет, последние ключевые заметки и наработки. Дополнительно, на этой неделе выйдет видео фундаментальной важности о Trading Ecosystem, в котором я детально опишу нашу разработку THE EDGE Workspace 2.0 и как она изменит ваш трейдинг. Уверен, будет интересно. Хорошего воскресенья и до завтра. THE EDGE | MEMBERSHIP"
2024-07-01,08:37,1695,PLAN,EURUSD,,,,,,,,0,0,,https://youtu.be/QIY2edhKYsw,,"Pre-Session Analysis 01.07.24 | Key Levels | Теория рыночных аукционов | Market Notes https://youtu.be/QIY2edhKYsw Доброе утро, трейдеры! Начинаем новую торговую неделю с детального Pre-Session Analysis. В рамках данного видео был проведен углубленный анализ EURUSD, а также выделены ключевые переменные, на которые необходимо опираться для наиболее эффективного торгового плана. Также, в видео представлены 3 «пазла», которые помогут вам более точно выявлять зоны коррекции, опорные области, силу & слабость тренда, а также логику достижения Key Levels. Хорошей торговой недели. THE EDGE | MEMBERSHIP"
2024-07-01,13:10,1696,PLAN,,,,,IDM,,,,0,1,,https://youtu.be/cb3pXR0Vhco,,"THE EDGE Community снова открыто! Мы продолжаем вести непрерывную работу над улучшением экосистемы THE EDGE и каждый месяц предоставляем обновления, которые значительно ускоряют развитие и повышают уровень прибыльности трейдеров. В этом месяце у вас есть шанс поработать вместе с нами. В MEMBERSHIP вы найдете: THE EDGE Workspace 2.0 [New] Рабочее пространство, которое является полностью обновленной версией Workspace 1.0. Данное обновление закроет проблему автоматизации сбора данных, структуры анализа торговли, выявления ошибок и других аспектов. Работа над ним велась более 6 месяцев и абсолютно все разделы получили улучшение. Ежедневный Pre-Session Analysis и регулярные конференции Данная рубрика была обновлением прошлого месяца и показала невероятную пользу для многих участников. Каждый де"
2024-07-02,08:33,1704,PLAN,EURUSD,,,,IDM,,,,0,0,,https://youtu.be/InM2cVstkxA,,"Pre-Session Analysis 02.07.24 | Анализ новостей | Логика IDM | Как выделять POI и ставить цели? https://youtu.be/InM2cVstkxA Доброе утро. Получился один из наиболее информативных эпизодов. В рамках данного видео был проведен углубленный анализ EURUSD, а также сформирован конкретный торговый план на сегодня. Дополнительно, я предоставил «3 пазла»: 1. Анализ новостного драйвера и его логика: JOLTS Job Openings 2. Логика IDM и использование 3. Выделение POI и целей Уверен, что эпизод будет полезен. Хорошего торгового дня. THE EDGE | MEMBERSHIP"
2024-07-03,08:49,1707,PLAN,,,,,IDM,,,,0,0,,https://youtu.be/yoNh2sL0eGM,,"Pre-Session Analysis 03.07.24 Логика TDA | Модель входа IDM | Особенности работы с FTA & TA https://youtu.be/yoNh2sL0eGM Доброе утро. В рамках данного видео был проведен TDA и сформирован торговый план на сегодня. Также, я указал как именно буду открывать позицию и ее последовательную аргументацию. Дополнительно, в эпизоде был представлен детальный анализ новостных драйверов сегодня (ADP NFP, PMI, Unemployment Claims) и добавлены 2 «пазла»: 1. Как проводить TDA исходя из обратного? 2. Как валидировать силу тренда и POI? Хорошего торгового дня. THE EDGE | MEMBERSHIP"
2024-07-04,12:04,1711,PLAN,,,,,,,,,0,1,,https://youtu.be/GFr3jERVm_4,,"THE EDGE COMMUNITY Сегодня последний день, когда вы можете стать частью THE EDGE. Осталось 8 часов и менее 3% мест до закрытия доступа. Фундаментальным обновлением этого месяца стал THE EDGE Workspace 2.0, который закроет все потребности трейдеров в анализе перформанса. Мы также не перестаем развиваться и каждый день работаем над новыми обновлениями. За последнее время, мы значительно улучшили экосистему THE EDGE, чтобы трейдеры имели все необходимое для прибыльной и стабильной торговли. Из последних обновлений: 1. THE EDGE NEWS — база данных с детальным изучением особенностей доставки цены на основе всех ключевых новостей. 2. Pre-Session Analysis — ежедневные совместные анализы рынка и формирования торгового плана. 3. THE EDGE WORKSPACE 2.0 и многое другое. Для доступа вы можете воспользо"
2024-07-04,15:01,1715,PLAN,,,,,Swing,,,,0,0,,,,"YouTube Stream https://www.youtube.com/live/18h2HSIxH9w?si=x3jBVDDFaaZrIL2u Сегодня в 19:00 обсудим рынок, актуальный торговый план, Swing-торговлю и я подготовлю пару важных технических заметок. До вечера. THE EDGE | COMMUNITY"
2024-07-05,08:21,1719,PLAN,EURUSD,,,,,,,,0,0,,https://youtu.be/C4ECbl8vqj8,,"Pre-Session Analysis 05.07.24 | Логика Объема | NFP | Неэффективности https://youtu.be/C4ECbl8vqj8 Доброе утро, трейдеры. В рамках данного видео я предоставил несколько правил из свой стратегии о логике объема на рынке и эффективном методе идентификации силы/слабости неэффективностей. Эти правила были использованы для формирования детального TDA & Trading Plan по EURUSD. Будьте осторожны сегодня на рынке. Хорошего дня. THE EDGE | COMMUNITY"
2024-07-15,08:26,1726,PLAN,EURUSD,,,,,,,,0,0,,https://youtu.be/PiXj6-cWZ54,,"Pre-Session Analysis | Dealing Range | Strong Order Flow | TDA https://youtu.be/PiXj6-cWZ54 Доброе утро, трейдеры. Решил временно вернуть эпизоды Pre-Session и сегодняшний получился очень насыщенным. В рамках данного видео был проведен углубленный анализ EURUSD, а также сформирован торговый план на неделю. В эпизоде представлены несколько «пазлов», которые помогут Вам разобраться с логикой TDA, Strong OF и Dealing Range на примере анализа текущего графика. Хорошей торговой недели. THE EDGE | COMMUNITY"
2024-07-15,16:26,1727,PLAN,,,,,Swing,,,,0,1,,,,"Bias vs Price Ранее на канале была рубрика Bias vs Price, в рамках которой я разбирал ценообразование за всю торговую неделю, выделял ключевые особенности и позиции. Появилась идея вернуть данную рубрику в тестовом формате, но теперь не только с фокусом на особенности Price Action, но и на Swing-Trading, где я буду показывать менеджмент свинг-позиций, логику их открытия(если открывались) и выделять последовательную методику, которая помогает строить эффективный торговый план. Что скажете? THE EDGE | COMMUNITY"
2024-07-16,14:02,1734,CHART,EURUSD,,,,,,,,0,1,,,,"Backtest: Storyline A → B Видео записано и выйдет в скором времени. Решил его сделать более длинным и информативным. Изначально в рамках презентации мы детально разберем виды бэктеста, логику, особенности и методику, которая сформировалась за 5 лет практики. После мы перейдем к проведению Backtest по EURUSD на основе логики торговой стратегии Storyline A → B. Я также предоставлю шаблон Notion, который позволит проводить Backtest более эффективно. THE EDGE | COMMUNITY"
2024-07-19,11:22,1737,PLAN,,,,,,,,,0,1,,,,"THE EDGE Следующая неделя будет насыщенной по материалам. Судя по текущему чарту — рынок будет интересным, потому Pre-Session Analysis будет выходить каждый день. В среду проведем стрим Q&A и я выберу тему дополнительно. Также, выйдет эпизод из рубрики Public Mentorship про экономические законы как фундамент Price Action. Как и обещал, завтра опубликую Bias vs Price прошедшей торговой недели: заметки, логика доставки, позиции. Поработаем продуктивно. Хороших выходных. THE EDGE | COMMUNITY"
2024-07-22,08:56,1738,PLAN,,,,,,,,,0,0,,https://youtu.be/zv0xEL5fd_s,,"Market Review | Trading Plan https://youtu.be/zv0xEL5fd_s Доброе утро! Начинаем новую неделю с новой рубрики на канале. В рамках данной рубрики будут представлены: углубленный анализ Price Action, позиции, заметки, логика доставки, а также торговый план на предстоящую торговую неделю. Решил немного изменить старый формат «Bias vs Price». Видео будут выходить каждый понедельник и за счет того, что мы детально анализируем предыдущую неделю, а также формируем торговый план на ближайшую — анализ будет более эффективным, поскольку учтены все возможные переменные. Первый эпизод получился очень информативным. Я провел детальный анализ Price Action за 15.07 — 19.07, выделил особенности доставки цены и сформировал план на сегодня, а также на всю торговую неделю с учетом анализа новостных драйверов."
2024-07-23,13:28,1740,PLAN,,Short,,,,,,,0,1,,https://youtu.be/zv0xEL5fd_s,,"Trading Plan Вчера было записано видео, в котором был указан конкретный план открытия позиции в шорт. Перед Вами его результат. Напишите в комментариях, открывали ли вы позицию? Почему (почему нет)? THE EDGE | COMMUNITY"
2024-07-28,13:14,1744,PLAN,,,,,,,,,0,1,,,,"Наконец-то завершил подготовку материала к новому видео Public Mentorship, а также к YouTube Stream. Неделя обещает быть крайне насыщенной. Делаем завтра Market Review & Trading Plan? THE EDGE | COMMUNITY"
2024-07-29,08:58,1745,PLAN,,,,,Swing,,,,0,0,,https://youtu.be/bBOASmCXLr0,,"Market Review | Trading Plan | Swing Trading https://youtu.be/bBOASmCXLr0 Доброе утро, трейдеры! Новая торговая неделя, а значит мы продолжаем рубрику Market Review & Trading Plan. Данный эпизод получился длинным и насыщенным, поскольку в нем была детально раскрыта часть заметок моей стратегии, которые помогают строить эффективный торговый план и повысить уровень Top-Down Analysis. Также, я провел углубленный анализ прошедшей недели, позиций и показал какую Swing-позицию открыл в среду. Я рекомендую уделить внимание тем заметкам, наработкам и логике, которые были описаны в видео, потому что они точно смогут повысить эффективность Вашего анализа и выполнения позиций. Хорошей торговой недели, она будет насыщенной. THE EDGE | COMMUNITY"
2024-08-01,10:54,1750,NOTE,,,,,Market|Swing,,,,0,1,,,,"THE EDGE UPDATE Доброе утро. Решил немного обновить формат контента на канале. Теперь я буду публиковать не только видео YouTube, но и текстовые материалы. Сюда входят графики, разбор актуальных позиций, менеджмент открытых Swing-позиций, выплаты, заметки по рынку и другие полезные материалы. Также, периодически буду уделять внимание психологии трейдинга вместе с перформанс-психологом от компании FTMO. Будет интересно. THE EDGE"
2024-08-04,13:00,1757,PLAN,,,,,Swing,,,,0,1,,https://youtu.be/GFr3jERVm_4,,"До закрытия THE EDGE COMMUNITY осталось 24 часа. Основная цель THE EDGE — предоставить все необходимое для прибыльной и системной торговли. Каждый месяц мы работаем над обновлениями, которые позволяют участникам выйти на новый уровень и добиваться значимых результатов. В этом месяце основным обновлением будет Swing Торговая Стратегия. Над данной стратегией я работал более 5 месяцев. Она была протестирована на Live-счетах и показала крайне высокий уровень прибыльности. Вся статистика будет продемонстрирована с сайта FTMO. В течении августа в THE EDGE будут конференции с углубленным разбором стратегии и анализом позиций за период в 4 месяца. В комьюнити Вы также найдете: THE EDGE Workspace 2.0, который закроет потребность в анализе своей торговли и ее систематизации. Полностью обновленную ба"
2024-08-05,09:00,1764,PLAN,,,,,,,,,0,0,,https://youtu.be/8jN5QvjGPVI,,"Market Review & Trading Plan https://youtu.be/8jN5QvjGPVI Доброе утро, трейдеры! Новая торговая неделя и мы продолжаем рубрику Market Review & Trading Plan. В рамках данного эпизода я предоставил несколько крайне важных «пазлов» из своей стратегии, которые помогут Вам более эффективно строить Narrative, определять актуальность идеи, открывать позиции и работать с проблемными областями. Также, я указал простой алгоритм работы с опорными областями, который упрощает процесс торговли. Этот эпизод не рекомендую пропускать, поскольку в нем не только проведен углубленный анализ доставки цены за прошедшую торговую неделю, но и описана фундаментальная логика. На этой неделе Pre-Session с «пазлами» будет выходить каждый день. Хорошей торговой недели и приятного просмотра. THE EDGE"
2024-08-05,11:05,1765,PLAN,,,,,Swing,,,,0,1,,,,"THE EDGE До закрытия THE EDGE Community осталось 2 часа. Ключевым обновлением этого месяца будет Swing Trading Strategy, которая изменит взгляд трейдеров на прибыльность и подход к торговле. Фокус будет смещен на совместную работу в рамках Pre-Session, конференций, открытии и менеджменте позиций. Для доступа Вы можете воспользоваться @TheEdgeXBot или написать нашему администратору @edge_onlooker. До встречи на сервере."
2024-08-05,15:49,1768,PLAN,,,,,Swing,,,,2,0,https://www.tradingview.com/x/qSh9dg9n/|https://www.tradingview.com/x/qSh9dg9n/,https://youtu.be/82EBn5UI_IQ|https://youtu.be/sj0TFnXYXKY|https://youtu.be/QIY2edhKYsw,,"Swing Trades https://www.tradingview.com/x/qSh9dg9n/ В течении последних месяцев неоднократно упоминал, что финальной точкой [B] выступает 1.09814 и то, что цена с высокой вероятностью продолжит восходящее движение. Video 1 Video 2 Video 3 Данная логика позволила монетизировать все восходящее движение по всем аккаунтам. К сожалению, не смог додержать до точки [B] ввиду того, что сегодня Reward Day в FTMO. Первая позиция была открыта на самом минимуме всего восходящего движения. Весь август в рамках THE EDGE мы будем фокусироваться на анализе подобных позиций, swing-стратегии и подготовке к осени. Рекомендую пересмотреть указанные Pre-Session. Уверен, что будет полезно"
2024-08-07,08:46,1770,PLAN,,,,,,,,,0,0,,https://youtu.be/kmms8A9dKMw,,"Pre-Session Analysis | Особенности работы с Key Levels и FTA/TA https://youtu.be/kmms8A9dKMw Доброе утро. Новый эпизод получился крайне насыщенным. В рамках данного видео я представил два новых «пазла», которые помогут Вам значительно упростить работу с проблемными зонами (FTA/TA), а также более эффективно строить Narrative в синхронизации с Key Levels. Логика, которая указана в эпизоде помогла закрыть июль с рекордной прибылью, потому уделите особое внимание следующим аспектам: • Зона спроса: логика использования и особенности идентификации • Торговые диапазоны • Narrative & Storyline • TA & FTA Приятного просмотра. THE EDGE"
2024-08-08,11:15,1771,TRADE_IDEA,,,,,,,,,2,0,https://www.tradingview.com/x/5VjckdaW/|https://www.tradingview.com/x/5VjckdaW/,,,"https://www.tradingview.com/x/5VjckdaW/ Актуальная торговая идея. Сегодня не записывал Pre-Session, поскольку график не предоставляет достаточно информации. Завтра будет важный Pre-Session, в рамках которого я предоставлю 2 пазла о том, как эффективно торговать в Order Flow, а также как значительно упростить торговую стратегию и восприятие рынка. На следующей неделе Вас также ждет обновленный контент. Будет интересно. Попробуйте описать логику входа на данном скриншоте в комментариях. THE EDGE"
2024-08-08,11:39,1772,PLAN,,,,,Swing,,,,0,1,,,,"Пока что, рекордная выплата за всю карьеру. Диверсификация торговли Intraday и Swing в очередной раз перевернула восприятие рынка. Работа над стратегией велась в течении 5 месяцев и уже заметны первые значимые результаты. В каждом Pre-Session Analysis я доношу часть пазла или логики, потому рекомендую их пересмотреть. Swing-стратегия станет частью THE EDGE Mentoring как отдельный модуль с сентября. Sky is the limit. THE EDGE"
2024-08-09,08:17,1774,PLAN,,,,,,,,,2,0,https://www.tradingview.com/x/nCgZ2L4F/|https://www.tradingview.com/x/v8A8HbbH/,https://youtu.be/CHzB7RlKsO0,,Pre-Session Analysis | Trading Strategy | Как упростить торговлю? https://youtu.be/CHzB7RlKsO0 Доброе утро. В рамках данного эпизода Pre-Session Analysis я представил 2 наиболее важных пазла из своей стратегии. 1 пазл поможет избежать множества убытков и определять опорные области более точно. 2 пазл поможет значительно упростить торговую систему и открывать позиции эффективнее. Приятного просмотра. THE EDGE
2024-08-14,08:32,1779,PLAN,EURUSD,,,,Swing,,,,0,0,,https://youtu.be/TIXmL1LEldo,,"Pre-Session Analysis | Swing Trades https://youtu.be/TIXmL1LEldo Доброе утро! В рамках данного эпизода я провел детальный анализ по EURUSD, сформировал среднесрочный торговый план и предоставил свои ожидания по открытию Swing-позиций в ближайшее время. Также, были представлены несколько «пазлов» о формировании Strong High / Low и идентификации ключевых уровней для нарратива на данный момент. Приятного просмотра. THE EDGE"
2024-08-16,14:22,1782,PLAN,,Long,,,Swing,,,,0,0,,,,"Swing Trading Strategy Swing-стратегия показала превосходные результаты. Было принято решение проводить тестирование сразу на Challenge, а не на Backtest, поскольку только так можно получить реальные данные о системе. Принцип тестирования был следующим: 1. Покупка 4 аккаунтов по 100к; 2. Прохождение по очереди; 3. Переход к следующему аккаунту исключительно после 1 выплаты на предыдущем; Как видите — стратегия показала системный и стабильный результат, поскольку за период тестирования было получено 3 выплаты по 5% каждая и 300к финансирования. На данный момент уже Max. Allocation. Параллельно я торговал на личных счетах, что также позволило получить рекордную выплату за всю карьеру. Обратите внимание, насколько «гладкие» кривые прибыльности. Без скачков или провалов, что указывает на эффек"
2024-08-20,10:29,1784,PERFORMANCE,,,,90,Swing,,,,0,1,,,,"Trading Strategy Доброе утро. Все последние дни готовился к конференции в рамках THE EDGE о Swing Trading Strategy, потому был менее активен. Торговая стратегия — одна из наиболее распространенных проблем среди трейдеров, поскольку 90% не осознают как создать эффективную систему. В следующем видео я предоставлю понятный алгоритм формирования торговой системы. Приведу некоторые примеры и предоставлю самую последнюю версию шаблона, который использую на данный момент. P.S. Видео о Narrative и повышении WinRate также будет после стратегии в качестве дополнения."
2024-08-24,14:06,1788,TRADE_ANALYSIS,EURUSD,,,,,,,,0,0,,,,"Trade Analysis [EURUSD 23.08] В THE EDGE мы на ежедневной основе проводим совместные Pre-Session Analysis. Ежедневные конференции помогают анализировать рынок наиболее объективно и значительно повысить уровень аналитических навыков всех участников. В пятницу мы открывали позицию по EURUSD на основе логики, которая детально описана в файле по ссылке. Я рекомендую уделить данному файлу особое внимание, поскольку там собрана ключевая информация и заметки, которые помогут Вам повысить эффективность восприятия рыночной информации и выполнения позиций. Хороших выходных."
2024-08-25,13:50,1789,PLAN,,,,,Swing,,,,0,1,,,,"Trading System Параллельно с формированием Swing Trading Strategy я занимался оптимизацией шаблона торговой системы, чтобы он был наиболее эффективен с точки зрения структуры, а также последовательности. За 5 лет работы с различными формами стратегий — именно эта структура позволила сделать стратегию понятной и исчерпывающей. Шаблон будет опубликован вместе с видео о торговой стратегии на этой неделе. Тест в 5 месяцев Swing Trading System официально завершен. На этой неделе в рамках THE EDGE я проведу полную презентацию системы и анализ позиций за 5 месяцев, а в течении сентября мы уделим внимание практике, синхронизации с Intraday и максимальной подготовке к последнему кварталу. С понедельника решил вернуть регулярные Pre-Session Analysis с «пазлами», чтобы мы с Вами полноценно подготовил"
2024-08-29,13:08,1795,PLAN,EURUSD,,,,Swing,,,,2,1,https://www.tradingview.com/x/cqtB6xWM/|https://www.tradingview.com/x/cqtB6xWM/,,,"Swing Trade https://www.tradingview.com/x/cqtB6xWM/ Swing-позиция по EURUSD. Детальное описание причин открытия и составление торгового плана происходило на утренней конференции Pre-Session в рамках THE EDGE. Позиции до выплаты 2 сентября открываться не будут. С углубленной логикой и рыночной заметкой, которая помогла эффективно монетизировать данное движение Вы можете ознакомиться по ссылке. Я рекомендую детально изучить особенности Price Action, которые описаны в файле. В начале сентября, как и обещал, будет видео на YouTube о базовой логике Swing Trading Strategy. Уверен, что оно многим откроет новую грань восприятия рынка и открытия позиций."
2024-09-01,15:53,1797,PLAN,,,,,Swing,,,,0,1,,,,"За последнее время с помощью Swing Trading Strategy произошел значимый скачок не только в рамках средней прибыльности (статистика за 6 месяцев) но и в рамках понимания рынка в THE EDGE. Я буду демонстрировать сертификаты выплат, а также статистику, чтобы показать системность. Уверен, что работа, которая была проведена летом позволит заперформить в последнем квартале. Нас с Вами ждет крайне продуктивная осень. Потому, считаю, что можно вернуть рубрику Pre-Session Analysis на канал. Согласны?"
2024-09-02,09:16,1798,PLAN,,,,,Swing,,,,0,0,,https://youtu.be/YEBxRyp2VOg,,"Pre-Session Analysis EP 02.09 | Swing Trades & Trading Plan https://youtu.be/YEBxRyp2VOg Доброе утро, трейдеры! Начинаем новую рабочую неделю крайне продуктивно. Как и обещал, возвращаю эпизоды Pre-Session Analysis на регулярной основе. Данный эпизод получился самым длинным и наиболее информативным за все время. В нем я детально описал как я буду открывать Swing-позиции в ближайшее время, сформировал детальный торговый план на текущую торговую неделю и среднесрочно. В видео детально описаны 2 «пазла», которые могут значительно улучшить качество Вашего анализа, а также выполнения позиций. Детальное текстовое описание данных заметок доступно по ссылке. Приятного просмотра и продуктивной торговой недели."
2024-09-03,14:00,1799,PLAN,,,,,Swing,,,,0,1,,,,"THE EDGE COMMUNITY открыто на 24 часа. За более, чем год работы нам удалось создать полноценную экосистему, которая предоставляет все необходимое для системного и прибыльного трейдинга и мы продолжаем работать над обновлениями, которые позволяют участникам регулярно достигать высоких результатов. В прошлом месяце главным обновлением стала Swing Trading Strategy, которая позволила трейдерам значительно усилить их торговые системы. В этом месяце Вас ждет целых 2 апдейта: 1. #tradewithedge В рамках данной ветки на сервере основное внимание будет уделяться открытию позиций, а именно логике, менеджменту, заметкам и элементам стратегии. Это поможет участникам значительно повысить их уровень перформанса и прибыльности. 2. Best Performer Участники, которые покажут лучший перформанс будут получать "
2024-09-04,09:01,1807,PLAN,EURUSD,,,,,,,,0,0,,https://youtu.be/5PTV1mh9_H4,,"Pre-Session Analysis EP 04.09 | Trade Execution https://youtu.be/5PTV1mh9_H4 Доброе утро, трейдеры! В данном эпизоде я провел детальный анализ EURUSD и сформировал конкретный торговый план на ближайшее время. Также, я предоставил несколько заметок и правил своей торговой системы, которые помогут Вам значительно улучшить Ваше понимание коррекций и когда можно открывать позиции в рамках коррекционных движений. Детальные заметки доступны по ссылке. Приятного просмотра."
2024-09-05,15:11,1809,PERFORMANCE,,,,+9,,,,,0,1,,,,"Конец июля и август. Аналогичный результат по всем 4 100к аккаунтам (+9%). Лето было непростым, но с точки зрения подготовки к осени — фундаментальным. #tradewithedge"
2024-09-09,12:02,1811,PLAN,EURUSD,,,,,,,,2,1,https://www.tradingview.com/x/KgsLDZ7Y/|https://www.tradingview.com/x/KgsLDZ7Y/,,,"https://www.tradingview.com/x/KgsLDZ7Y/ Доброе утро, трейдеры. Позиции, которые были открыты по EURUSD на прошлой неделе и до сих пор удерживаются. В рамках данного файла я детально описал логику Price Range, а также Demand & Supply Price Range, которая помогла крайне эффективно монетизировать летний период и выполнить текущие позиции. Детальное описание доступно по ссылке. Углубленная логика входа и разбор будет произведен после закрытия позиций на всех аккаунтах. Завтра возвращаем регулярный Pre-Session с «пазлами». Хорошей торговой недели. #tradewithedge"
2024-09-09,17:30,1813,NOTE,,,,,Swing,,,,0,1,,,,"YouTube Stream Завтра в 18:00 поговорим про торговую систему Swing, детальную логику позиций, рыночные заметки. Я покажу что именно позволило максимизировать прибыльность за последние 6 месяцев. До встречи."
2024-09-16,12:13,1821,TRADE_ANALYSIS,,,,,Swing,,,,0,1,,,,"Backtest & Trade Analysis Доброе утро, трейдеры. На прошлой неделе вышло видео, в рамках которого я детально разобрал свою Swing Trading Strategy. На этой неделе мы продолжаем работать над улучшением нашего EDGE (преимущества) на рынке, потому выйдет 2 ключевых видео: 1. Swing & Intraday Trading Strategy Backtesting В данном видео мы проведем детальный бэктест торговых систем за выбранный период; 2. Swing Trade Analysis В данном эпизоде я проведу углубленный анализ позиций Swing, который открывались за период тестирования системы. Неделя обещает быть крайне насыщенной — проведите ее продуктивно."
2024-09-17,08:46,1823,PLAN,EURUSD,,,,Swing,,,,0,0,,https://youtu.be/rowypxJcC88,,"Pre-Session Analysis EP 17.09 | Storyline | Swing Trades https://youtu.be/rowypxJcC88 Доброе утро, трейдеры! Данный эпизод получился крайне насыщенным и информативным. В рамках этого Pre-Session Analysis я провел углубленный анализ EURUSD, детально рассказал как буду открывать Swing-позиции, предоставил 3 ключевых заметки и описал свои ожидания относительно ставки ФРС. С заметками Вы можете ознакомиться по ссылке. Приятного просмотра."
2024-09-18,18:07,1825,PLAN,,,,,,,,,0,1,,,,"YouTube 7K Канал перевалил за цифру 7К. Довольно трудно описать словами насколько это ценно. Я получаю слова благодарности с выплатами на ежедневной основе и это не может не радовать, поскольку это значит, что я на правильном пути. Честно говоря, канал заставил выйти из зоны комфорта и значительно вырасти не только в рамках подачи информации, но и в самом трейдинге. Каждый раз во время записи видео, Pre-Session, стрима — стараюсь донести максимально понятно, структурировано и доступно каждый аспект информации, потому что, возможно, это перевернет торговую карьеру какого-то трейдера, а значит усилия уже не напрасны. Пользуясь случаем хочу поблагодарить всех, кто смотрит, пишет фидбэк и развивается с THE EDGE. Sky is the limit."
2024-09-27,08:53,1830,NOTE,,,,,Swing,,,,0,0,,https://youtu.be/bTeIuhnwUuo,,"Backtest by THE EDGE https://youtu.be/bTeIuhnwUuo Доброе утро, трейдеры. Backtest является фундаментальной составляющей для многих трейдеров на этапе становления, поскольку он позволяет оттачивать визуальный опыт. В рамках данного поста я решил предоставить все, что Вам нужно для эффективного проведения бэктеста. 1. В видео мы провели детальный Backtest в рамках THE EDGE, выделили ключевые особенности доставки и заметки. 2. Все позиции из данного видео Вы можете найти по данной ссылке. 3. Простой и эффективный журнал для проведения Backtest тут. 4. Детальная и исчерпывающая статья о том, как проводить Backtest тут. Рекомендую уделить внимание логике, которая описываться в рамках Backtest: Swing & Intraday. Приятного просмотра. THE EDGE"
2024-10-01,17:17,1831,TRADE_IDEA,,,,,,,,,2,0,https://www.tradingview.com/x/6WzS3pRD/|https://www.tradingview.com/x/6WzS3pRD/,,,"Trading Plan & Execution https://www.tradingview.com/x/6WzS3pRD/ Перед Вами отрывок из утренней конференции в рамках THE EDGE, в котором был описан конкретный торговый план и вход в позицию. Как и говорил ранее — основная цель это предоставление всего необходимого для прибыльного трейдинга, потому всегда стараюсь максимально детально освещать весь процесс от анализа графика и формирования торгового плана, до входа в позицию и ее менеджмента. Это позволяет добиваться высоких результатов на регулярной основе и значительно повышать наше преимущество на рынке. Аккаунты ставлю на выплаты, сентябрь получился насыщенным. В скором времени будет видео, где я проанализирую все свои позиции и результаты за сентябрь. В файле по ссылке Вы можете найти детальное описание логики формирования торгового пл"
2024-10-05,10:00,1837,PLAN,,,,,Swing,,,,0,0,,,,"Набор в THE EDGE открыт на 24 часа. Главная проблема среди трейдеров это длительный период попыток без результата, что заставляет опускать руки. За более, чем 5 лет торговли я смог изучить ключевые аспекты, которые влияют на прибыльность, потому спустя 1.5 года работы в рамках THE EDGE нам удалось создать экосистему, которая предоставляет все необходимое для системного и результативного трейдинга. THE EDGE это: 1. Workspace, который полностью закрывает проблему системности и анализа торговли. 2. Database — крупневшая библиотека материалов для улучшения технических навыков. 3. Trading System (Swing & Intraday) — эффективная и понятная торговая система, которая продолжает показывает высокие результаты прибыли. 4. Conferences — регулярные конференции, weekly review, pre-session и другие. И мн"
2024-10-14,08:59,1852,PLAN,EURUSD,,,,Swing,,,,0,0,,https://youtu.be/f9pzHX5zu7o,,"Trading Plan 14.10 → 18.10 https://youtu.be/f9pzHX5zu7o Доброе утро, трейдерс! Давно не выходило видео с планами и позициями, потому я решил возобновить данную рубрику. В этом эпизоде был сформирован детальный торговый план по EURUSD для Swing & Intraday, а также представлены заметки Price Action, которые помогут Вам взглянуть на график под другим углом. Файл с разбором заметок из видео, а также текстовым торговым планом доступен по ссылке. Всем продуктивной торговой недели. THE EDGE"
2024-10-21,19:47,1867,PLAN,,,,,Swing,,,,0,1,,,,"Новый эпизод из рубрики Trading Mentorship будет опубликован в среду. Завтра выйдет видео, в рамках которого я предоставлю детальный торговый план о том, как буду открывать Swing-позиции. THE EDGE"
2024-10-28,15:33,1874,PLAN,EURUSD,Long,,,Swing,,,,0,0,,https://youtu.be/EZNOvbfAFhc,,"Market Review | Trading Plan https://youtu.be/EZNOvbfAFhc Приветствую, трейдеры! Данное видео является записью утренней конференции в рамках THE EDGE. В этом видео я провел детальный анализ прошедшей торговой недели и выделил потенциальные торговые возможности. Также, в видео описан торговый план открытия Swing-Long позиций и крайне важные заметки для Swing & Intraday трейдеров. Для Вашего удобства к каждому видео я создаю Notion с текстовой выжимкой. Notion с анализом EURUSD, торговым планом и логикой работы с Re-Raid (так буду открывать Swing-Long) доступен по ссылке. Приятного просмотра и желаю продуктивной торговой недели."
2024-10-30,13:30,1876,PLAN,GBPUSD|XAUUSD|USDJPY,Short,,,IDM|Swing,,,,2,0,https://www.tradingview.com/x/TLmAV1Vg/|https://www.tradingview.com/x/TLmAV1Vg/,,,"https://www.tradingview.com/x/TLmAV1Vg/ С недавнего времени для Swing System я добавил несколько активов в арсенал, среди которых: XAU, GER40, USDJPY и GBPUSD. В понедельних в рамках утренней конференции в THE EDGE был составлен детальный торговый план по указанным торговым парам. Перед Вами короткая вырезка из торгового плана по GER40, в которой я описываю логику открытия позиции в шорт. Полное видео анализа данной позиции, а также детальный текстовый анализ Вы можете найти по ссылке. В третьем эпизоде из рубрики Trading Mentorship by AlexxxFX мы, как раз, разбирали особенности и методику работы с IDM и Strong High/Low — рекомендую пересмотреть, если Вы еще не видели. #tradewithedge"
2024-11-08,14:13,1891,NOTE,,,,,,,,,0,1,,https://youtu.be/aGhU3mpXar8,,"Intraday Trading Strategy Во вторник была опубликована простая и эффективная Intraday Trading Strategy. Данная система формировалась в течении нескольких лет и, на данный момент, является наиболее оптимальной с точки зрения прибыльности и сбережения ментального капитала. По ссылке Вы найдете примеры позиций на основе данной торговой системы, а также некоторые заметки о ее использовании. Надеюсь, что данная работа поможет Вам сформировать свою стратегию или улучшить уже существующую. Приятного чтения! THE EDGE"
2024-11-18,08:38,1905,PLAN,,,,,Swing,,,,0,0,,https://youtu.be/NRFxf90PGGI,,"Trading Plan 18.11 - 22.11 https://youtu.be/NRFxf90PGGI Доброе утро, трейдеры! Как и обещал, на этой неделе поработаем вместе над подготовкой к торговым сессиям и видео будут выходить каждый день. В данном эпизоде я провел детальный TDA, а также описал как я планирую открывать Swing-позицию. Уделите внимание логике выделения переменных и последовательности формирования плана. Для Вашего удобства сделал текстовый вариант анализа и плана по ссылке. Хорошей торговой недели."
2024-11-19,08:18,1906,PLAN,,Long,,,Swing,,,,0,0,,https://youtu.be/Sm63ZcN0mcE,,"Pre-Session Analysis https://youtu.be/Sm63ZcN0mcE Доброе утро, трейдеры. Продолжаем совместную работу с графиком. Вчера был сформирован план для открытия Swing-Long и сегодня я рассмотрел новые переменные на рынке, а также сформировал потенциальный план для Intraday. Приятного просмотра."
2024-11-26,08:01,1911,PLAN,,,,,,,,,0,0,,https://youtu.be/zzkusPV1k0s,,"Pre-Session Analysis https://youtu.be/zzkusPV1k0s Доброе утро, трейдеры. На данный момент график является непростым для многих относительно формирования понятного торгового сценария, поскольку цена сняла значимый Key Level, что очень часто сопровождается маргинальным условиями на рынке. Записал короткое видео с описанием того, как стоит формировать торговый план с конкретными сценариями работы, чтобы не запутаться. Приятного просмотра."
2024-11-27,20:40,1913,PLAN,,,,,,,,,0,1,,,,"Завтра будет опубликована первая часть видео о Top Down Analysis из рубрики Trading Mentorship. Уверен, что после просмотра обеих частей пазл о TDA сложится. Решил сделать небольшой интерактив. В конце видео будет индивидуальное задание. Среди тех, кто выполнит будет разыгран бесплатный доступ в THE EDGE на месяц, независимо от того, что сервер сейчас закрыт. Хорошего вечера. Завтра будет интересный Pre-Session."
2024-11-28,08:13,1914,PLAN,EURUSD,,,,Swing,,,,0,0,,https://youtu.be/ze84Vsjcf0E,,"Pre-Session Analysis https://youtu.be/ze84Vsjcf0E Доброе утро, трейдеры! В данном видео я провел детальный анализ EURUSD и сформировал торговый план для Intraday сегодня, а также для потенциальных Swing позиций. В видео было указано, что одним из обновлений THE EDGE стали регулярные Daily Reports с анализом Price Action, позиций и заметок. С Daily Report за 27.11 Вы можете ознакомиться по ссылке ниже. Приятного просмотра!"
2024-11-28,08:14,1915,REVIEW,,,,,,,,,0,1,,,,По ссылке Вы можете ознакомиться с коротким Daily Report за 27.11.24.
2024-12-01,17:45,1920,PERFORMANCE,,,,+10|-2,PosAdding|Swing,,,,0,1,,https://youtu.be/AXZeRUKokjI,,"После получения нескольких крупных выплат от FTMO столкнулся с ограничениями с их стороны относительно системы риска. Я использовал принцип Position Adding, который описывал в видео о Swing Trading System, что позволило кратно увеличить среднюю ежемесячную прибыль. На этой основе было принято решение завести личный депозит на брокера, что я, наконец-то, реализовал. Одна из неочевидных проблем для трейдеров, которые торгуют проп компании в том, что они привыкли мыслить «от выплаты до выплаты» ввиду того, что счета обнуляются и сложно смотреть «на дистанцию». Таким образом, когда трейдер закрыл один месяц в +10%, получил выплату, а следующий закрыл в -2%, то, ввиду фокуса только на месячном результате, трейдер считает себя некомпетентным. Потому, к брокерскому счету я также подключил myfxboo"
2024-12-02,12:37,1921,PLAN,EURUSD,,,,Swing,,,,0,0,,https://youtu.be/AdvReVykKLQ,,"Trading Plan https://youtu.be/AdvReVykKLQ Привет, трейдеры! В данном видео провел детальный анализ EURUSD и сформировал Swing & Intraday торговый план. Также, обратите внимание на заметки относительно открытия недели и простой алгоритм анализа графика. Текстовый вариант плана доступен по ссылке."
2024-12-02,16:05,1922,REVIEW,,,,,,,,,0,1,,,,"Сегодня было открыто 2 позиции. 1 на счету FTMO, вторая на личном. Делаем короткий и структурированный разбор текстом в формате Daily Report вечером? #statistics"
2024-12-03,08:34,1923,PLAN,EURUSD,,,,,,,,0,0,,https://youtu.be/dKxF3kQ3J64,,"Trading Plan https://youtu.be/dKxF3kQ3J64 Доброе утро, трейдеры! В данном видео был проведен анализ доставки по EURUSD за вчерашний день, детально разобраны позиции, которые были открыты и сформирован актуальный торговый план. Приятного просмотра!"
2024-12-03,08:34,1924,REVIEW,EURUSD|XAGUSD,,,,,,,,0,1,,,,"В файле по ссылке Вы найдете Daily Report с детальным текстовым анализом Price Action, позиций по EURUSD / XAGUSD, а также рыночные заметки."
2024-12-05,08:19,1926,PLAN,,Long,,,Swing,,,,0,0,,https://youtu.be/RgBiYPs9K9I,,"Pre-Session Analysis https://youtu.be/RgBiYPs9K9I Доброе утро, трейдеры! В данном видео я детально рассказал логику Swing позиций, которые были открыты и сформировал торговый план. По ссылке Вы найдете Daily Report за 04.12.24 с детальным текстовым анализом Price Action и Swing Long позиции. Уделите внимание заметкам, поскольку они стали важными переменными для принятия торговых решений. Приятного просмотра!"
2024-12-06,15:35,1927,PERFORMANCE,,Long,+10,+17|17|+9,FVG|PosAdding|Swing,,W1,,0,1,,,,"FTMO +10R | Private Capital +17% На личном депозите было открыто 3 позиции Swing Long по принципу Position Adding. На счету FTMO было открыто 2 позиции по аналогичному принципу. Первую неделю декабря на личном депозите закрываю в 17%. На FTMO +9% и оставляю на выплату. Торговый план на неделю публиковал в понедельник. Он был дополнен во вторник и четверг. Цена достигла цели [-W1 FVG], план отработал. Я не боюсь записывать анализ заранее, а не постфактум (как это делает большинство), поскольку я не боюсь оказаться «не прав», ведь опытные трейдеры понимают, что рынок это игра вероятностей, а не личной правоты. Потому, главная цель данных разборов это демонстрация логики мышления, взгляда на рынок, принятия торговых решений, а не показать «что я угадал направление». Трейдеры, которые рвуться "
2024-12-09,08:22,1936,TRADE_ANALYSIS,,,,,,,,,0,0,,https://youtu.be/foye3MuQMUw,,"Trade Analysis https://youtu.be/foye3MuQMUw Доброе утро, трейдеры! В данном видео я провел детальный анализ позиций, которые были открыты согласно плану прошлой недели. В эпизоде также был предоставлен простой и понятный алгоритм принятия торговых решений, поскольку это является базовой ошибкой многих трейдеров. Уделите внимание логике Narrative, рыночным заметкам и последовательности открытия позиций. В файле по ссылке Вы можете найти детальный текстовый анализ Narrative, позиций, а также ссылку на мою статистику с myfxbook за прошедшую неделю (вдруг хейтеры подумали, что фотошоп). Если данное видео было полезным, то дайте знать и сделаем рубрику Trade Analysis регулярной. Хорошей торговой недели. #tradewithedge"
2024-12-10,08:11,1937,PLAN,,,,,Swing,,,,0,0,,https://youtu.be/ujKV2EQMSLI,,"Trading Plan https://youtu.be/ujKV2EQMSLI Доброе утро, трейдеры! В данном видео я сформировал конкретный торговый план на предстоящую неделю, а также указал, как буду открывать позиции Swing. По ссылке Вы можете найти текстовый формат Trading Plan с TDA. Уделите внимание логике формирования именно такого плана и рассмотрите варианты адаптации. Приятного просмотра."
2024-12-13,09:47,1945,PLAN,,,,,Swing,,,,0,1,,,,"Ключевой торговый план на основе актуальных Key Level был составлен еще 2 числа. Он отработал и был эффективно выполнен в обе стороны. Для позиций Swing — простой и последовательный торговый план это 80% успеха. Обратите внимание, насколько просто определять направление рынка и выполнять позиции, когда есть конкретный и структурированный анализ. THE EDGE"
2024-12-18,21:19,1951,PERFORMANCE,,Long,20,+12|+22,,,,,2,1,https://www.tradingview.com/x/k9thwhP6/|https://www.tradingview.com/x/k9thwhP6/,,,"Торговый план на 20R FTMO +12% Личный депозит +22% https://www.tradingview.com/x/k9thwhP6/ 2 декабря был составлен торговый план, в котором был указан конкретный план для работы в лонг и шорт. Он был эффективно монетизирован в обе стороны. Последняя позиция в этом году. Детальный разбор будет завтра. Ссылка на мою верифицированную статистку. Вдруг хейтеры подумают, что фотошоп. #statistics"
2024-12-19,09:36,1954,TRADE_ANALYSIS,EURUSD,Short,,,,,,,0,0,,,,"В данном файле Вы найдете детальный анализ позиций, которые были открыты. Решил поделиться с Вами полной записью Pre-Session из THE EDGE за 17.12.24. Она доступна по ссылке в Notion. В данной конференции мы детально разобрали EURUSD, почему позиции в шорт были актуальны, поговорили про правильное выставление SL, макроэкономику и многое другое. Декабрь закрыт. Приятного просмотра! #tradewithedge"
2024-12-23,15:52,1961,NOTE,,,,,,,,,0,0,,https://youtu.be/SImnzmPhneA,,"Trading Performance Analysis https://youtu.be/SImnzmPhneA Анализ торговли в рамках месяца (MPA) стал одним из финальных пазлов для моей системной прибыльности в 2021. Это помогло структурировать сильные / слабые стороны, выявить пробелы и выйти на системность. В данном видео был проведен анализ торговли за декабрь. Я проанализировал позиции, отработку торговых планов, улучшения торговой системы, а также рыночные заметки, которые помогли закрыть месяц с прибылью. Приятного просмотра!"
2024-12-23,15:53,1962,PERFORMANCE,,,,85|22|100|100,,,,,0,1,,,,"В данном файле Вы найдете анализ всех позиций, рыночные заметки, а также мою верифицированную статистику. Performance Data за декабрь (WR 85% / Profit 22% / Plan 100% / CE 100%) #tradewithedge"
2025-01-04,13:00,1968,PLAN,,,,,,,,,0,1,,,,"Как и указывал в посте выше, мы будем смещать фокус не только на теорию, но и на практику, а именно работу с графиком, структуру анализа, позиции, PA. С понедельника планирую вернуть регулярные Trading Plan. На YouTube в целом будут новые рубрики с фокусом на performance. Работаем? #tradewithedge"
2025-01-06,08:16,1969,PLAN,,,,,,,1M|W1,,0,0,,https://youtu.be/qk23Nl8u3RY,,"Trading Plan 06.01 - 17.01 | Leaderboard Trade https://youtu.be/qk23Nl8u3RY Доброе утро, трейдеры! Праздники закончились и наконец-то возвращаемся к работе. В данном видео я сформировал конкретный торговый план и позиции, которые будут открыты на основе TDA и macro анализа. Уделите внимание логике Key Levels на 1M / W1, а также Trump Rally в рамках анализа макро. Приятного просмотра! Приятно вернуться в работу."
2025-01-10,12:29,1984,REVIEW,,,,,,,,,0,1,,,,"Вы бы хотели вернуть рубрику Bias vs Price на YouTube? Суть данной рубрики в том, что проводится детальный анализ недели, а именно: 1. Отработка плана; 2. Позиции; 3. Потенциальные ошибки, которые допускали трейдеры; 4. Заключения и заметки;"
2025-01-10,15:55,1985,PERFORMANCE,,,,+5.2,,,,,1,1,https://www.tradingview.com/x/x3S9PKg9/,,,"FTMO & Private Capital +5.2% Позиция была открыта согласно плану, который был опубликован в понедельник. Подтверждение открытия позиции на реальном депозите может найти в моей статистике. Поставьте реакцию, если видео Trading Plan, а также демонстрация статистики / позиций приносят Вам пользу и Вы бы хотели видеть продолжение данной рубрики. Завтра будет опубликован первый эпизод новой рубрики Bias vs Price с детальным анализом позиции, а также Narrative. Для удобства, все посты, в которых будет представлена статистика будут подписаны тэгом #statistics"
2025-01-11,10:02,1987,TRADE_ANALYSIS,,Short,,,,,,,0,0,,https://youtu.be/1gbG7N9re2Y,,"Доброе утро, трейдеры. Рад сообщить, что мы возвращаем рубрику Bias vs Price на YouTube. В данном эпизоде я провел анализ Price Action и отработку торгового плана за прошедшую торговую неделю, а также сделал детальный разбор позиции в шорт, которая была открыта. Рекомендую обратить внимание на заметки в конце видео, а также алгоритм принятия торговых решений из моей системы. В каждом эпизоде я буду предоставлять некий пазл, который будет делать Вашу торговлю лучше. Приятного просмотра! #tradewithedge"
2025-01-12,14:45,1993,PLAN,,,,,,,,,0,1,,,,"Как и на прошлой неделе, решил подготовить детальный анализ, а также торговый план в Notion. Опубликую завтра вместе с видео о Trading Plan. Уделите особое внимание анализу макро в файле. Готовы продолжать работу?"
2025-01-13,08:09,1994,PLAN,EURUSD,,,,Swing,,,,0,0,,https://youtu.be/3IaLQfTyS44,,"Trading Plan (13.01 - 17.01) Доброе утро, трейдеры! На прошлой неделе мы эффективно зашортили согласно плану и теперь продолжаем работу. В данном видео я дополнил торговый план на основе новых технических, а также макро переменных и указал, как планирую открывать позиции Swing. Обратите внимание на особенности ДКП ФРС и их влияние на EURUSD. Приятного просмотра!"
2025-01-13,08:10,1995,ANALYSIS,EURUSD,,,,,,,,0,1,,,,"По ссылке Вы найдете файл Notion с детальным анализом EURUSD (TDA & Macro), а также торговым планом и условиями его отмены."
2025-01-17,11:33,1999,NOTE,,,,,,,,,0,1,,,,"До закрытия THE EDGE осталось 12 часов. В дополнении к обновлению Macro, был полностью оптимизирован Database. Среди ключевых обновлений: 1) Roadmap / FAQ для новичков → Хаос в изучении информации 2) Price Action → Пробелы в понимании элементов PA 3) Risk Management → Отсутствие эффективной RM системы 4) #tradewithedge / Monthly Report → Трудности с открытием позиций / набором опыта Один из ключевых разделов — Key Info. Мы понимаем, что ввиду занятости не всегда есть возможность читать чат. Потому в конце каждой недели предоставляем детальную выжимку только важной информации по всем чатам, в том числе с заметками, позициями, обсуждениями. Это позволяет экономить время и эффективно изучать всю ключевую информацию. Это только часть информации THE EDGE Database. Наша главная задача — оптимиза"
2025-01-17,13:10,2000,PLAN,,,,,,,,,0,1,,,,"Завтра будет опубликован новый эпизод из рубрики Bias vs Price. В нем мы сфокусируемся на актуальных макро-показателях, отработке торгового плана, рыночных заметках и анализе позиций. А в понедельник дополним торговый план с детальным описанием в Notion. #tradewithedge"
2025-01-18,10:02,2001,REVIEW,,,,,,,,,0,0,,https://youtu.be/qSlMgEwGT9E,,"Доброе утро, трейдеры! Во втором эпизоде из рубрики Bias vs Price я провел анализ отработки плана за 13.01, а также были детально разобраны макро-показатели, которы помогут более эффективно выстроить направления рынка среднесрочно. Рекомендую обратить внимание на заметку относительно повышения Win Rate в конце видео. Как и говорил ранее, в каждом видео будет какой-то важный пазл для улучшения торговли. Приятного просмотра! #tradewithedge"
2025-01-20,09:01,2003,PLAN,EURUSD,Long,,,Swing,,,,0,0,,https://youtu.be/BhFIb3oCGKU,,"Trading Plan | Leaderboard Long? Доброе утро, трейдеры! Мы продолжаем нашу совместную работу в рамках еженедельной рубрики Trading Plan. В данном видео я провел детальный анализ актуальных переменных на графике EURUSD, разобрал ожидания относительно макро и сформировал конкретный сценарий по которому буду открывать позиции Swing на предстоящей неделе. Приятного просмотра!"
2025-01-24,14:38,2011,PERFORMANCE,,Long,+5|+10|+5|+10,5|7.25|5|7.25|100|30.8,,,,,4,1,https://www.tradingview.com/x/pKvxzI8Z/|https://www.tradingview.com/x/pKvxzI8Z/|https://www.tradingview.com/x/pKvxzI8Z/|https://www.tradingview.com/x/7icN2hRp/,,,"Итоги января FTMO +5R (5%)| Private Capital +10R (7.25%) Неоднократно упоминал, что в трейдинге одним из ключевых принципов является ""less is more"", который значит, что результат является эквивалентным не количеству Ваших действий, а качеству. Спустя 5 лет активного трейдинга, наконец-то, нашел абсолютно комфортный стиль торговли, сформировал полностью свою систему, выработал эффективную рутину, которая позволяет системно наращивать капитал. Переход на ""личный депозит"" стал новым вызовом, о котором поговорим отдельно, но, с уверенностью, могу сказать, что данный переход стал очередным триггером для роста. FTMO 1 позиция (шорт) | +5R (5%) 1 выплата (Долго выдавали аккаунт после выплаты, не успел открыть лонг). Private Capital 3 позиции (1 шорт / 2 лонга) +10R (7.25%) Trading Plan Торговый п"
2025-01-28,09:02,2014,PLAN,EURUSD,,,,,,,,0,0,,https://youtu.be/vtJVetA99Lg,,"Доброе утро, трейдеры. В данном эпизоде из рубрики Trading Plan я провел детальный технический и фундаментальный анализ EURUSD, а также указал, как планирую открывать позиции в ближайшее время. Приятного просмотра!"
2025-01-30,14:00,2019,PERFORMANCE,,,+10,+22|7.25,,,,,0,1,,,,"Не так давно было опубликовано видео с анализом торговли в декабре, который был закрыт с отличным результатом в +22%. На данный момент я готовлю аналогичный эпизод с анализом января, который был закрыт в +10R (7.25%). В данном эпизоде я затрону ключевые аспекты торговой системы, проведу анализ позиций и отработки торговых планов. Monthly Performance Analysis (MPA) это основа для улучшения личных торговых показателей. К эпизоду я, как всегда, прикреплю файл Notion с анализом позиций, заметками, а также шаблоном, который использую лично для качественного анализа торговли в рамках месяца."
2025-02-03,08:27,2020,PLAN,,,,,,,,,0,0,,https://youtu.be/I8f-QDqPzX4,,"Доброе утро, трейдеры! На рынке было получено много новых переменных, как технических, так и макро, потому в данном эпизоде был проведен детальный анализ текущего графика и сформирован конкретный торговый план на ближайшее время. Приятного просмотра!"
2025-02-06,08:56,2024,NOTE,,,,,,,,,0,0,,https://youtu.be/Zfy-HpBHMO8,,"Доброе утро, трейдеры! В данном эпизоде мы провели детальный анализ торговли в январе: 1. Детально разобрали все потенциальные позиции, а также их сильные и слабые стороны. 2. Обсудили отработки торговых планов. 3. Обсудили рыночные заметки и уроки. 4. Я предоставил некоторую информацию о своей методика торговли Reversal. Это видео будет особенно полезно для трейдеров, у которых есть проблемы с анализом своих позиций, проведением разбора месяца или непонимаем как структурировать личные метрики. Приятного просмотра."
2025-02-07,10:43,2026,CHART,EURUSD,,,,Swing,,,,1,1,https://www.tradingview.com/x/QCTklige/,,,"Позиция на FTMO удерживается и был произведен менеджмент в рамках Risk Off ввиду того, что возврат к точке входа отменяет первичную идею. На личном капитале одна из позиций была закрыта по аналогичной логике и стоп был перенесен в BE. Данные по NFP, с высокой вероятностью, выйдут с охлаждением, что спровоцирует позитив для EURUSD. Локальные цели отмечены на графике. Доработал систему Swing 2.0 и разработал эффективную систему менеджмента на основе данных за год, которая позволяет максимизировать прибыль при стандартных или минимальных рисках. Данные позиции выступают примером. Ссылка на статистику."
2025-02-10,18:58,2031,PLAN,,,,,Swing,,,,0,1,,,,"Позиция продолжает удерживаться. Решение о Risk Off было рациональным. Завтра будет опубликован новый эпизод Trading Plan, и файл Notion с TDA и анализом Macro. В эпизоде я также затрону базовые аспекты системы RM (Risk On / Risk Off), которая будет раскрыта в отдельном видео о Swing 2.0, когда придет время."
2025-02-11,08:21,2032,PLAN,,,,,,,,,0,0,,https://youtu.be/9KxEuAnfCZI,,"Доброе утро, трейдеры! В данном эпизоде был проведен детальный анализ актуальных переменных на графике и сформирован конкретный торговый план. Обратите внимание на анализ Macro и ожидания относительно ценообразования в ближайшее время. Приятного просмотра!"
2025-02-11,08:21,2033,PLAN,,,,,,,,,0,1,,,,"По ссылке Вы найдете файл Notion, в котором был проведен анализ TDA, Macro и сформирован торговый план. Также, в нем я поделился базовыми принципами своей системы Risk Management для максимизации прибыли с стандартным или минимальным риском. #tradewithedge"
2025-02-14,12:41,2036,PLAN,,,,,,,,,0,0,,,2036_One Good Trade by THE EDGE.pdf,"Один из game changer’ов для эффективного прогресса в трейдинге — текстовая фиксация своих мыслей относительно графика: план, заметки, апдейты. Торговый план (03.02) согласно которому открыта позиция здесь. Дополнительный план (11.02) здесь. Я демонстрирую весь свой торговый процесс. От TDA и аналитики Macro, до формирования полноценного торгового плана с выполнением позиции и разбором итоговых результатов за месяц на основе открытой верифицированной статистики. Некоторые участники уже нашли пользу в системной прибыльности, надеюсь, и Вы ее находите. В файле я показал мой способ быстро накапливать опыт и насмотренность, чтобы открывать свой One Good Trade. #tradewithedge"
2025-02-15,15:30,2037,PLAN,,,,,,,,,0,0,,,2037_Trading Plan _ Trading Journal.pdf,"На следующей неделе будет опубликован новый эпизод Trading Mentorship. Пока что, Вы можете ознакомиться с короткой схемой с принципами составления Trading Plan, а также структурой торгового журнала. В конце февраля будет ровно 3 месяца, как я делюсь публичной статистикой, потому будет отдельное видео о проп трейдинге, личном капитале и основных принципах системного трейдинга."
2025-02-17,08:10,2038,PLAN,,,,,,,,,0,0,,https://youtu.be/q92CG--S2ZY,,"Доброе утро, трейдеры. Мы продолжаем нашу совместную работу и в данном эпизоде Trading Plan был проведен детальный TDA-анализ, а также актуальных переменных Macro. Обратите внимание на логику Dealing Range, Price Ranges и ключевые опорные области для поиска позиций на этой неделе. Приятного просмотра!"
2025-02-24,08:18,2044,PLAN,,,,,,,,,0,0,,https://youtu.be/7ERyYLiSsD8,,"Доброе утро, трейдеры! Consistency is the key, потому мы продолжаем нашу работу в рамках рубрики Trading Plan. В новом эпизоде был проведен детальный TDA и Macro анализ, а также сформирован конкретный торговый план. Приятного просмотра!"
2025-03-03,08:12,2051,PLAN,,,,,,,,,0,0,,https://youtu.be/NRrhofdXvoI,,"Доброе утро, трейдеры! Графики довольно непростые для анализа, но мы с Вами попытались разобраться и сформировали конкретный торговый план на ближайшую неделю в рамках нового эпизода. Обратите внимание на анализ Macro и торговые сценарии для принятия решений. Хорошей торговой недели."
2025-03-04,15:28,2053,NOTE,,,,,,,,,0,1,,,,"Видео с детальным разбором февраля будет опубликовано завтра. Стратегия, позиции, заметки. Эпизод будет дополнен файлом о системности с конкретными советами, которые помогли стабилизировать кривую прибыльности и результаты."
2025-03-06,09:41,2064,NOTE,,,,,,,,,0,0,,https://youtu.be/E06ghAu9mHk,,"Доброе утро, трейдеры! В данном видео был проведен детальный анализ торговли в феврале, а также выделены ключевые рыночные заметки. Приятного просмотра!"
2025-03-07,16:07,2069,PLAN,EURUSD,Long,,,,,,,0,1,,,,"В еженедельных выпусках Trading Plan мы с Вами делали базовый анализ ключевых переменных Macro, а также отметили такой аспект как Trump Rally. В синхронизации с техническими переменными, это помогло выявить разворот по USD и открыть качественные позиции в лонг по EUR. Прекрасный пример преимущества, которое получает трейдер за счет понимания Macro. В рамках THE EDGE был создан блок Macro, который включает в себя: 1. Обучающие статьи, чтобы построить базу понимания всех переменных; 2. Регулярные стримы с обзором и Q&A; 3. Регулярная аналитика по данным; В синхронизации с PA, это значительно улучшает понимание рынка и прогнозирование движений с высокой вероятностью. По ссылке Вы найдете актуальный обзор данных Macro, а также Модуль 1 | Тема 1: Введение в макроэкономические циклы. До закрытия"
2025-03-10,08:16,2072,PLAN,,,,,,,,,0,0,,https://youtu.be/nnrPAijMBIk,,"Доброе утро, трейдерс! В рамках прошлой недели цены достигла точки B, о которой мы говорили в течении февраля и мы сумели эффективно монетизировать данное движение. Теперь мы продолжаем нашу работу и я сформировал новый торговый план на ближайшее время, а также провел детальный анализ TDA. Приятного просмотра!"
2025-03-20,12:57,2090,NOTE,EURUSD,,,,,,,,0,1,,,,"Умение различать дисперсионные позиции от ошибочных — важный навык, который помогает сохранять ментальный и финансовый капитал. Недавно я предоставил простой, но эффективный метод объективного анализа трейдов «3-3-3». По ссылке Вы найдете анализ позиции по EURUSD, а именно: логику открытия, метод анализа позиций «3-3-3» и последовательность мыслей с заметками относительно самой позиции. #tradewithedge"
2025-03-21,19:31,2093,PLAN,,,,,FVG,,W1,,2,1,https://www.tradingview.com/x/nxqI8c30/|https://www.tradingview.com/x/nxqI8c30/,,,"https://www.tradingview.com/x/nxqI8c30/ Торговый план от 10.03 отработал и цена достигла точки (B) в виде [+W1 FVG]. Многие трейдеры успешно реализовали данное движение, с чем я их и поздравляю. Я продолжаю удержание позиций до достижения цели, отмеченной на графике. В понедельник буду опираться на новые переменные. Начнем следующую неделю с нового торгового плана, анализа macro и файла Notion?"
2025-03-24,08:32,2096,PLAN,,,,,,,,,0,0,,https://youtu.be/eqUwRkYVo3E,,"Доброе утро, трейдеры! Продолжаем нашу совместную работу и в новом эпизоде Trading Plan я провел детальный анализ переменных на графике, macro и сформировал торговый план. Приятного просмотра!"
2025-03-31,12:17,2112,PERFORMANCE,,,,18.32|85|0.96|43.5|9.8,,,,,0,0,,,2112_FTMO Reward.png,"Закрываю первый квартал в рамках ожидаемых результатов. Квартальная прибыль - 18.32% Winrate - 85% Максимальный убыток - 0.96% Совокупная прибыль от 01.12.24 - 43.5% Средняя ежемесячная - 9.8% Как и указывал в видео о проп трейдинге, главная цель — рост ""в ширину капитала, а не глубину риска"". Ключевой навык это контроль риска с системным извлечением прибыли из рынка, а не попытки получить крупную прибыль в этом месяце и потерять капитал в следующем. Вы уже поняли, что ""на дистанции"" так не сработает. Моей финальной целью никогда не было прохождение десятков аккаунтов в разных проп компаниях и торговля демо. Моей финальной целью было выстраивание системной прибыльности с минимизацией риска и выход на крупный личный / инвесторский капитал. Благо, получилось. Я все еще использую проп фирмы д"
2025-04-03,14:17,2118,NOTE,,,,,,,,,0,0,,https://youtu.be/BugJ1hzR2Y4,,"Данное видео является записью конференции из THE EDGE. В нем я продемонстрировал детальный процесс того, как анализирую свою торговлю и оптимизирую ее, чтобы лучше перформить в следующем квартале. В видео детально описана структура квартального анализа, разобраны все позиции, которые были открыты, представлены эффективные рыночные заметки и ключевые уроки. Запись длинная, но очень информативная. Приятного просмотра."
2025-04-04,10:56,2127,PLAN,,,,,,,,,3,0,https://www.tradingview.com/x/l2FHzO97/|https://www.tradingview.com/x/l2FHzO97/|https://www.tradingview.com/x/l2FHzO97/,,,"https://www.tradingview.com/x/l2FHzO97/ Q2 распаковал. На данный момент открыты позиции по FTMO и личному капиталу. Перед выходными будут переведены в BE. Как и говорил ранее, буду менее активным, поскольку основной фокус работы будет смещен на THE EDGE ввиду множества задач и обновлений, которые будут реализованы в Q2. Вы бы хотели, чтобы мы продолжили рубрику Trading Plan по понедельникам на периодической основе?"
2025-04-04,12:38,2128,PLAN,,,,,,,,,0,1,,,,"Следующая неделя тоже будет рабочей. В понедельник опубликую Trading Plan и, по традиции, файл Notion. Хороших выходных."
2025-04-07,08:14,2129,PLAN,,,,,,,,,0,0,,https://youtu.be/DBZycjK22C8,,"Доброе утро, трейдерс! В данном видео я провел детальный анализ графика, macro и сформировал торговый план на предстоящее время. График довольно сложный для анализа, поэтому рекомендую обратить внимание на ключевые переменные для построения Narrative. Приятного просмотра!"
2025-04-07,08:14,2130,PLAN,,,,,,,,,0,1,,,,"В данном файле Вы найдете текстовый анализ, статью с анализом данных Macro и актуальный торговый план. #tradewithedge"
2025-04-08,09:00,2131,PERFORMANCE,,,,70,Swing,,,,0,0,,,2131_THE EDGE.pdf,"В течении Q1 было реализовано много обновлений, среди которых обучающий блок по Macro, торговая стратегия Swing 2.0 с подтвержденной статистикой и обновленный THE EDGE Database. В Q2 для проекта начинается совершенно новый этап. Будут обновлены все ключевые информационные разделы, workspace, полноценное обучение с конференциями по macro и другое. Фокус всегда был только на результативности, рвении развиваться и предоставлении всего необходимого для того, чтобы трейдеры добивались стабильных и высоких результатов. Возможно, поэтому рекорд сервера $500к за год и, поэтому ~70% трейдеров закрывают квартал в прибыль. Roadmap на Q2 Вы найдете в презентации. У Вас есть 48 часов, чтобы сделать прорыв в своем трейдинге. @edge_onlooker | @TheEdgeXBot"
2025-04-14,18:13,2140,PLAN,,,,,,,,,0,1,,,,"Неопределенность на рынке — лучшее время для того, чтобы подготовиться к периоду возможностей. Провел детальный анализ всех позиций личного капитала и FTMO, выделил ключевые уроки, которые помогают удерживать кривую прибыльности в стабильности. Прчти все время уходит на обновление экосистемы THE EDGE и новый THE EDGE Trading Journal. Завтра опубликую Trading Plan с файлом, в котором опишу актуальные сценарии для работы. Вторник / среда будет одно из ключевых видео на канале."
2025-04-18,13:24,2146,PLAN,,,,,,,,,0,0,,,2146_Trading Plan by AlexxxFX.pdf,"В течении недели находился в режиме ожидания. Низкая волатильность после агрессивных расширений является закономерностью. Следующая неделя будет рабочей. Несколько аргументов и торговый план описал в файле. Проведите хорошо выходные с семьей, отдохните и перезагрузитесь. Со следующей недели полный газ."
2025-04-22,19:27,2149,PLAN,,,,,,,,,2,1,https://www.tradingview.com/x/lbCwsc6t/|https://www.tradingview.com/x/lbCwsc6t/,,,https://www.tradingview.com/x/lbCwsc6t/ Завтра возвращаюсь в работу. Будет серия фундаментальных видео на YouTube. Давно не делали апдейты по чарту в формате Trading Plan — исправим.
2025-04-24,13:13,2151,NOTE,,,,,,,,,0,1,,,,"Рыночные заметки — способ вербализации насмотренности, опыта, особенностей ценообразования, которые повторяются на регулярной основе и могут быть использованы для формирования преимущества трейдера. Ранее совершал ошибку в том, что заметок было слишком много и они банально не использовались. Сейчас их всего несколько, но они имеют четкую практическую пользу. По ссылке Вы найдете первую заметку о «Flat Open». Я планирую зафиксировать несколько ключевых рыночных заметок в канале, но еще думаю над форматом. Напишите, пожалуйста, какой хотели бы Вы: короткие видео или текст. Приятного чтения."
2025-04-27,13:53,2157,PLAN,,,,,,,,,0,1,,,,"Многие участники достигли стабильности. Будем системно проводить подкасты, чтобы перенимать их опыт совместно. Завтра опубликую Trading Plan с файлом Notion, есть что сказать. Хорошего воскресенья!"
2025-04-29,08:33,2158,TRADE_IDEA,EURUSD,,,,,,,,0,1,,,,"Доброе утро, трейдеры! По ссылке Вы найдете запись конференции THE EDGE с детальным анализом EURUSD, а также других ключевых пар и формирование торгового плана. Обратите внимание на логику анализа TDA, вероятность в трейдинге и позиции, которые рассматриваются. Приятного просмотра!"
2025-05-05,08:11,2166,ANALYSIS,EURUSD,,,,,,,,0,0,,https://youtu.be/GYqVwRcIiwM,,"Доброе утро, трейдеры. Начинаем новую рабочую неделю с детального анализа и торгового плана. В видео я коротко затронул тему Narrative, TDA, а также того, как хочу открывать позиции по EURUSD в ближайшее время. Приятного просмотра."
2025-05-05,08:12,2168,PLAN,,,,,,,,,0,1,,,,"В данном файле Вы найдете текстовый анализ TDA, короткий обзор Macro и Trading Plan."
2025-05-08,19:21,2174,CHART,EURUSD,,,,,,,,3,0,https://www.tradingview.com/x/gAYWKRbT/|https://www.tradingview.com/x/gAYWKRbT/|https://www.tradingview.com/x/gAYWKRbT/,,,"https://www.tradingview.com/x/gAYWKRbT/ Подкаст провели. Позиции по EUR согласно плану от 18.04 закрыли. Получилось очень искренне, душевно, информативно. Будет опубликован на YouTube завтра."
2025-05-16,15:32,2183,PLAN,,,,,,,,,0,1,,,,"Подготовил полноценную презентацию актуальной торговой стратегии, а также детальный шаблон Notion. Максимально просто структурировал для качественного понимания и добавил примеры позиций. Следующую неделю начнем с Trading Plan и публикации видео о торговой стратегии. Хороших выходных!"
2025-05-19,08:18,2184,ANALYSIS,EURUSD,,,,,,,,0,0,,https://youtu.be/dMJVtn2qhAo,,"Доброе утро, трейдеры! В данном видео я провел детальный анализ EURUSD, а также описал, как именно планирую открывать позиции в рамках предстоящей неделе. Обратите особое внимание на простой алгоритм определения Narrative на рынке. Приятного просмотра и продуктивной рабочей недели."
2025-05-19,08:19,2185,PLAN,,,,,,,,,0,1,,,,"Детальный текстовый анализ, разбор macro и торговый план найдете по ссылке."
2025-05-26,14:10,2198,PLAN,,,,,,,,,0,1,,,,"Добрый день, трейдеры. По ссылке Вы найдете запись утренней конференции THE EDGE, в рамках которой мы провели детальный анализ и составили торговый план по всем ключевым парам. Обратите внимание на заметки и логику работы с графиком. Приятного просмотра!"
2025-06-02,08:30,2201,NOTE,,Long,,,,,,,0,0,,https://youtu.be/mczcpQzAreA,,"Доброе утро, трейдеры! Данный эпизод получился очень насыщенным, поскольку в нем я детально разобрал актуальные позиции в лонг, рыночные заметки, а также ключевые принципы, как можно повысить win rate путем фокуса на Narrative. Приятного просмотра и продуктивной рабочей недели."
2025-06-02,13:48,2203,CHART,EURUSD,,,,,,,,0,1,,,,Позиции по EUR закрыты. Сделаю детальный апдейт завтра. Рабочая неделя будет насыщенной. Видео и журнал будут опубликованы в среду.
2025-06-03,17:26,2204,TRADE_IDEA,,,,,,,,,2,0,https://www.tradingview.com/x/N8lqVB1g/|https://www.tradingview.com/x/N8lqVB1g/,,2204_One Good Trade by AlexxxFX.pdf,"https://www.tradingview.com/x/N8lqVB1g/ План от 19.05 отработал. На основных счетах было открыто по 2 позиции согласно данному плану. FTMO +7% (800k) Личный / Инвесторский счет +3% Публичный счет +3.3% (50к) Статистика по ссылке. Всегда фиксирую торговые планы и идеи в формате текста / сообщений, поскольку это помогает их улучшать и анализировать. Поэтому, логику открытия Вы можете найти в презентации. На данный момент торговля стала простой, стабильной, комфортной. То, к чему стремился очень долгое время. Всеми торговыми идеями / планами делюсь заранее, в том числе, и с Вами, поскольку не пытаюсь кому-то что-то доказать, а получаю удовольствие от процесса торговли. А конце июня, может быть, сделаем детальный анализ квартала, статистики, наработок и уроков."
2025-06-17,09:40,2216,PLAN,,,,,,,,,0,0,,https://youtu.be/JX7bJViCVD0,,"Доброе утро, трейдеры! Наверное, один из самых информативных эпизодов по принципам анализа графика и заметкам. Обратите внимание на торговый план, а также статью с анализом macro. Приятного просмотра!"
2025-06-26,13:59,2225,ANALYSIS,EURUSD,Short,,,,,,,0,1,,,,"Все, что необходимо знать о текущей рыночной ситуации в данном разборе из THE EDGE. Accord Plaza, падение USD, что делать с EUR, как анализировать и находить ошибки в торговле, анализ позиций в шорт и многое другое. Приятного просмотра."
2025-06-29,16:36,2228,PLAN,,,,,,,,,0,1,,,,"Подкаст с Sandr1k опубликую на YouTube в ближайшие дни. Рабочую неделю начнем с Trading Plan, есть много идей. Хорошего воскресенья!"
2025-06-30,08:26,2229,PLAN,,,,,,,,,0,0,,https://youtu.be/lWJXSR_8bR0,,"Доброе утро, трейдеры! Провел переоценку актуального Narrative и сформировал торговый план. Обратите внимание на закономерность ценообразования предыдущего срока Трампа, а также варианты реализации позиций в течении июля. Приятного просмотра!"
2025-07-07,11:25,2236,PLAN,,,,,,,,,0,1,,,,"По ссылке Вы найдете запись сегодняшней конференции из THE EDGE, в которой мы детально разобрали Narrative по ключевым активам и сформировали торговый план. На этой неделе проведем конференцию относительно основных причин отсутствия стабильных результатов в трейдинге и методах их решения в синхронизации с адаптацией торговой стратегии на примере моей. Я отправлю короткий опросник с вариантами ответов в скором времени, чтобы Вы могли выбрать трудности, которые беспокоят Вас больше всего и мы их попробуем решить в следующем YouTube видео. Хорошей торговой недели, трейдеры!"
2025-07-11,12:51,2242,REVIEW,,Long,,,RB,,,,0,1,,,,"В конце каждой недели мы проводим Weekly Review, чтобы детально разобрать планы, позиции, ключевые уроки. Это помогает качественно усваивать новую информацию и быстро прогрессировать. В Weekly Review по ссылке Вы найдете детальное описание позиций, которые удерживаю на данный момент, почему позиции в лонг были поспешными, как эффективно работать в ценовых диапазонах, фильтрация RB и Strong High & Low, а также особенности метода локализации. Приятного просмотра!"
2025-07-14,08:21,2244,PLAN,EURUSD,,,,,,,,0,0,,https://youtu.be/w0sSjjJxZBk,,"Доброе утро, трейдеры! Начинаем новую рабочую неделю с Trading Plan. В данном эпизоде провели детальный анализ EURUSD, сформировали потенциальные сценарии для работы, обсудили популярную ошибку трейдеров в текущих рыночных условиях и я показал, как именно буду добирать позиции / переворачиваться. Хорошей торговой недели."
2025-07-20,19:15,2250,PLAN,,,,,,,,,0,1,,,,"Проветриваю голову и готовлюсь к новой рабочей неделе. Начнем ее с детального Trading Plan. Также, скорее всего опубликую техническое видео, которое хотел дропнуть очень давно. Хорошего вечера."
2025-07-21,08:13,2251,NOTE,,,,,,,,,0,0,,https://youtu.be/5s7MC-RQZsc,,"Доброе утро, трейдеры. Данный эпизод получился насыщенным. Рекомендую обратить внимание на заметки и логику переменных. Приятного просмотра!"
2025-07-21,08:14,2252,PLAN,EURUSD,,,,,,,,0,1,,,,"По ссылке Вы найдете детальный анализ EURUSD, статью по Macro, а также актуальный торговый план. Хорошей торговой недели."
2025-07-22,13:07,2253,ANALYSIS,GBPUSD,,,,Swing,,,,0,0,,,2253_One Good Trade [GBP].pdf,"Недавно провел оптимизацию своей торговой стратегии по 2 параметрам, один из которых — дополнительные торговые пары. По ссылке Вы найдете детальный текстовый и видео анализ крайней позиции по GBP, а также ключевые тезисы, которые, по моему мнению, является основой Swing трейдинга. В презентации добавил несколько мыслей, поскольку заметил, что их текстовая фиксация помогает быстрее прогрессировать и находить сильные / слабые стороны. Приятного чтения / просмотра."
2025-07-25,13:19,2257,REVIEW,EURUSD|GBPUSD,,,,,,,,0,1,,,,"По ссылке Вы найдете запись сегодняшнего Weekly Review из THE EDGE. В данной конференции я показал еще один апдейт в торговой стратегии, который может упростить процесс принятия решений для трейдеров, у которых есть трудности с Narrative. Мы провели детальный анализ торгового плана, открытых позиций по EUR и GBP, а также разобрали текущую ситуацию на рынке. Неделя получилась крайне продуктивной. Хороших выходных, трейдеры!"
2025-07-28,08:04,2259,PLAN,,,,,,,,,0,0,,https://youtu.be/zwEnREGN8tM,,"Доброе утро, трейдеры. Получился довольно информативный эпизод Trading Plan, разобрали все ключевые переменные и сформировали потенциальные сценарии для открытия позиций. Приятного просмотра."
2025-07-28,08:05,2260,PLAN,EURUSD,,,,,,,,0,1,,,,"По ссылке Вы найдете детальный анализ EURUSD, статью по Macro, а также актуальный торговый план. Хорошей торговой недели."
2025-07-28,12:31,2262,TRADE_ANALYSIS,,,,,Swing,,,,8,1,https://www.tradingview.com/x/QPwF96c1/|https://www.tradingview.com/x/QPwF96c1/|https://www.tradingview.com/x/vr8FlZIh/|https://www.tradingview.com/x/vr8FlZIh/|https://www.tradingview.com/x/USuzmPP6/|https://www.tradingview.com/x/USuzmPP6/|https://www.tradingview.com/x/Kdbu2ydD/|https://www.tradingview.com/x/Kdbu2ydD/,,,"Одной из особенностей моей торговой системы является то, что основная прибыль в разрезе квартала / года делается буквально на нескольких движениях рынка. Позиций не много, но они очень качественные, что позволяет торговать стабильно. Как описывал в видео о 6 уроках за 6 лет трейдинга: «90% прибыли делается на 10% движений». Trade 1: https://www.tradingview.com/x/QPwF96c1/ Trade 2: https://www.tradingview.com/x/vr8FlZIh/ Trade 3: https://www.tradingview.com/x/USuzmPP6/ Trade 4: https://www.tradingview.com/x/Kdbu2ydD/ Если будет необходимость, то я сделаю отдельное видео и/или разбор позиций, в котором детально опишу систему Risk Management, а также основные принципы менеджмента позиций при торговле Swing."
2025-07-31,13:26,2271,PERFORMANCE,EURUSD,,50|7.1,+18|+19,,,,,0,0,,,2271_Trade 5 (EUR +6).png,"Закрываю лучший месяц в 2025 году. FTMO +400K Личный депозит +18% Инвесторский +19% Q2 для меня был довольно трудным и июнь был закрыт в -2 впервые за 2 года торговли. Тем не менее, как и указывал ранее — распределение прибыли никогда не будет линейным. С начала 2025 совокупная прибыль составляет 50R, средняя месячная 7.1R. Доволен тем, что доверял своей системе и торговому плану, в результате оказался прав относительно локального укрепления USD и падения EUR. Часть позиций, которые были открыты в файлах. Короткую логику описывал в Weekly Review, а также Trading Plan. На следующей неделе, скорее всего, опубликую MPA, в котором проведу детальный анализ позиций, уроков и заметок за месяц, которые помогли закрыть его эффективно."
2025-08-07,17:15,2275,NOTE,,,,,,,,,0,1,,,,"По ссылке Вы найдете файл с позициями, торговыми планами, а также ключевым заметками из видео. Настоятельно рекомендую их детально изучить, поскольку они были очень полезны при открытии позиций."
2025-08-08,09:27,2276,NOTE,EURUSD|GBPUSD,Short,,,,,,,0,0,,,2276_THE EDGE.pdf,"На данный момент рынок находится в фазе, где требуется постоянная работа над адаптацией и нестандартный, но системный подход. Вы увидели это на примере позиций в шорт по EUR и GBP. Текущая экосистема THE EDGE предоставляет трейдеру все необходимое для достижения результативности и стабильности, начиная от торговых процессов и заканчивая статьями с эффективными методами входа, логикой анализа и заметками, которые позволяют быстро адаптироваться и улучшать торговлю. С качеством подачи Вы уже знакомы с YouTube. Детали в презентации. Воспользуйтесь @TheEdgeXBot или напишите @edge_onlooker для доступа. Добро пожаловать, нас ждет очень насыщенный август и подготовка к осени."
2025-08-11,09:00,2279,PLAN,,,,,,,,,0,1,,,,"Доброе утро, трейдеры. До закрытия THE EDGE осталось 24 часа. В течении августа основной фокус будет смещен на обновленный материал по системе Risk Management, новые рыночные заметки и методы их формирования, а также закрытие пробелов технической компетентности и Trade Management (SL, BE). На этой неделе поговорим о моих 4 годах в проп трейдинге: дам некоторые советы по прохождению аккаунтов и Capital management. На YouTube также будет ряд важных видео. Продуктивной рабочей недели, завтра опубликую Trading Plan."
2025-08-12,08:08,2281,ANALYSIS,EURUSD,,,,,,,,0,1,,,,По ссылке Вы найдете детальный анализ EURUSD и торговые планы.
2025-08-14,16:45,2283,PLAN,EURUSD|GBPUSD,,,,,,,,3,1,https://www.tradingview.com/x/oHjlt70q/|https://www.tradingview.com/x/DxlOxoEt/|https://www.tradingview.com/x/DxlOxoEt/,,,"На данный момент я сохраняю Bearish Narrative, как и описывал в Trading Plan. Открыто несколько позиций по EUR, а также по GBP. Был получен один SL при попытке открытия позиции локально, поэтому Realized PNL августа составляет -1, остальные позиции удерживаются. Пример трейда: https://www.tradingview.com/x/DxlOxoEt/ Короткая логика из THE EDGE по ссылке. В конце месяца сделаем детальный анализ метрик и трейдов. Как и говорил, рынок требует адаптации."
2025-08-15,12:15,2287,REVIEW,,,,,,,,,0,1,,,,"По ссылке Вы найдете запись Weekly Review, в котором мы провели детальный анализ актуальных переменных на рынке, разобрали сценарии для работы на ближайшее время, провели разбор торговых планов и логики открытых позиций. Приятного просмотра и хороших выходных!"
2025-08-21,09:41,2290,PLAN,,,,,,,,,0,1,,,,"Доброе утро, трейдеры! Уехал на пару дней в небольшой отпуск перед самым насыщенным торговым сезоном — осенью. Как и указывал ранее в Trading Plan, все еще сохраняю Bearish Narrative. На счетах открыто несколько позиций, в этот раз на основных попробовал High RR. Сделаем детальный анализ после закрытия. Большие планы на сентябрь. Удалось выявить ряд пробелов, с которыми сталкиваются многие трейдеры и будем их эффективно закрывать. Вас ждет очень насыщенное время по контенту, в отпуске всегда приходит много свежих идей. Хорошей торговой недели и берегите себя."
2025-08-25,08:16,2293,ANALYSIS,EURUSD,,,,,,,,0,1,,,,"По ссылке Вы найдете детальный анализ EURUSD, торговые планы, а также статью с анализом Macro."
2025-08-26,12:06,2296,PLAN,EURUSD,,,,,,,,2,1,https://www.tradingview.com/x/7U3jxJ2Y/|https://www.tradingview.com/x/7U3jxJ2Y/,,,"https://www.tradingview.com/x/7U3jxJ2Y/ В подобных рыночных условиях очень важно смотреть на график последовательно, чтобы избежать хаоса в анализе, а также выделить, какие именно сценарии вы хотите видеть и как будете действовать. Открыл позицию по EURUSD. Narrative был описан в Trading Plan, а короткая логика указана на скринах."
2025-08-27,13:36,2299,PLAN,,Short,,,,,,,0,1,,,,"Запись утренней конференции из THE EDGE по ссылке. В ней я провел детальный анализ текущих переменных по ключевым торговым парам, описал логику открытия позиций в Short согласно с Trading Plan, а также поделился особенностями использования Dealing Range и другими рыночными заметками. Приятного просмотра!"
2025-08-29,12:25,2300,REVIEW,,,,,,,,,0,1,,,,"Лето подходит к концу. С уверенностью могу сказать, что мы его провели очень продуктивно и подготовились к осени. В течении сентября я принял решение опубликовать несколько видео для решения ряда технических пробелов у трейдеров, которые встречаются чаще всего и имеют значимое влияние на результат. По ссылке Вы можете посмотреть Weekly Review из THE EDGE и мои основные идеи по всем ключевым активам на рынке. Хороших выходных, трейдеры!"
2025-09-02,10:50,2303,PLAN,GBPUSD,,,,,,,,2,0,https://www.tradingview.com/x/q8ykpuNG/|https://www.tradingview.com/x/q8ykpuNG/,,2303_Trading Plan (GBP).mp4,"https://www.tradingview.com/x/q8ykpuNG/ Кто смотрел торговый план за понедельник — понимает, что происходит сейчас на рынке. Как и указывал там, сохраняю Bullish Narrative по USD. Доверие себе / плану / стратегии намного эффективнее, чем постоянная «переобувка»."
2025-09-05,17:24,2308,TRADE_ANALYSIS,,,,,,,,,1,1,https://www.tradingview.com/x/g8AMdsti/,,,"К сожалению, вероятность оказалась на стороне покупателей и позиции, которые были открыты в рамках Bearish Narrative ушли в убыток. Совокупный loss составил -1.5 ввиду грамотного менеджмента SL. Убытки являются частью нашей работы и выступают в роли «оплаты за тест идеи». Один из наиболее важных навыков, который был получен за свою карьеру — доверие себе / плану / стратегии вопреки хаотичным колебаниям на рынке. Q3, тем не менее, пока что в прибыли за счет рекордного июля, поэтому, как и говорил ранее — прибыль распределяется неравномерно. На следующей неделе опубликую торговый план, в котором проведем детальный анализ позиций и переменных."
2025-09-08,08:07,2310,PLAN,,,,,,,,,0,0,,https://youtu.be/j-usmWr1V84,,"Доброе утро, трейдеры! Начинаем рабочую неделю с детального Trading Plan. Приятного просмотра и продуктивной рабочей недели."
2025-09-08,08:07,2311,NOTE,EURUSD,,,,,,,,0,1,,,,"По ссылке Вы найдете файл с детальным анализом EURUSD, заметками по Macro, а также торговым планом."
2025-09-09,09:20,2312,PLAN,DXY,Short,,,,,,,3,0,https://www.tradingview.com/x/m3VOP04L/|https://www.tradingview.com/x/m3VOP04L/|https://www.tradingview.com/x/m3VOP04L/,,,"https://www.tradingview.com/x/m3VOP04L/ Как и указывал в Trading Plan, сохраняю бычий настрой по DXY. Цена формирует боковое замедление в Discount актуального Dealing Range, что указывает на истощение продаж и высокую вероятность реверса. Подобные замедления в рамках ключевых диапазонов спроса / предложения, как правило, формируют LRL, который и выступает в роли триггера для быстрого расширения. Ключевая переменная, на данный момент — быстрый возврат (откуп) в рамках реакции на один из указанных ключевых уровней. Если покупатели не проявят силу, то это указывает на отмену актуальности данного сценария. Цель — 100. Логика работы с такими диапазонами будет опубликована в одной из заметок позже."
2025-09-15,11:42,2320,PLAN,EURUSD,,,,,,,,0,1,,,,"По ссылке Вы найдете текстовый анализ EURUSD, торговый план, а также информацию от нашего специалиста по Macro (Рынок труда, инфляция, ФРС). Хорошей торговой недели."
2025-09-22,12:43,2328,NOTE,,,,,,,,,0,0,,https://youtu.be/2Aqiz8Fl4g8,,"Добрый день, трейдеры! В данном видео мы провели детальный анализ переменных по всем ключевым торговым парам и сформировали торговые планы. Обратите внимание на рыночные заметки и последовательную логику анализа. Приятного просмотра и продуктивной рабочей недели."
2025-09-24,16:44,2329,PLAN,,,,,,,,,0,1,,,,"Недавно я начал рубрику, в рамках которой будут постепенно выходить видео, которые закрывают те или иные вопросы / проблемы трейдеров. С первым видео про Dealing Range Вы можете ознакомиться по ссылке. В скором времени будет опубликовано видео «Все про Trading Plan». В нем мы обсудим его структуру, методы улучшения, особенности, а также ошибки, которые трейдеры допускают чаще всего."
2025-09-30,09:32,2333,PLAN,,,,,,,,,0,1,,,,"Доброе утро, трейдеры. Находился в небольшом отпуске последние пару дней поскольку у девушки был день рождения и хотел уделить максимум внимания. Мало кто знает, но именно она, в буквальном смысле, заставила меня создать THE EDGE в 2023, поскольку видела потенциал. Поэтому, та экосистема, которую мы построили и то влияние на карьеру многих трейдеров, которое установили — также и ее заслуга. С завтрашнего дня возвращаюсь в рабочий ритм. Будет опубликовано видео про торговый план, как и указывал ранее. В ближайшее время на еженедельной основе буду публиковать ряд важных видео, которые будут затрагивать технику, психологию, фул тайм трейдинг, риск менеджмент и другие темы. Продуктивной рабочей недели. 😎"
2025-10-02,17:56,2334,PLAN,,,,,,,,,0,0,,https://youtu.be/4aHjmGXBGTA,,"Добрый вечер, трейдеры! Формирование качественного торгового плана стало для меня game changer’ом в свое время, поскольку это является фундаментальным аспектом системного трейдинга. При этом, многие трейдеры не умеют формировать торговый план эффективно, что провоцирует застой в торговле. В данном видео мы решили эту проблему. Приятного просмотра!"
2025-10-17,12:59,2356,PLAN,USDJPY,,,,,,,,0,0,,,2356_USDJPY [3R].png,"Одна из позиций на этой неделе и первая позиция в карьере по USDJPY. Торговый план с понедельника прикрепил. Максимально простой трейд, наиболее важным аргументом для реализации которого выступал Weekly Open Gap. На следующей неделе будет опубликовано новое важное видео на YouTube. Хороших выходных, трейдеры и берегите себя."
2025-10-22,12:46,2360,PLAN,,,,,,,,,0,1,,https://youtu.be/4aHjmGXBGTA,,"Недавно было опубликовано видео о том, как формировать торговый план. Решил добавить статью для более качественного понимания. Тема торговых планов довольно болючая, особенно для новичков. Вопросы возникают как по структуре, так и по навыкам выстраивания логичных причинно-следственных связей. Уверен, что данная тема теперь будет закрыта."
2025-10-22,12:55,2363,REVIEW,EURUSD|GBPUSD|DXY,Short,,,FVG,,D1,,0,0,,,2363_GBP.png,"В последнее время ценообразование на валютном рынке явно исказилось ввиду шатдауна и отсутствия новостных драйверов, что размывает ожидания рынка относительно дальнейшей ДКП, данных по занятости и инфляции. Это можно четко увидеть, если открыть LTF. По DXY на 99% уверен, что LRL, который был сформирован будет снят и довольно быстро, но триггером для снятия может выступать как ближайший резист в виде [-D1 FVG], так и возможный локальный перехай, если продажи не покажут силу. По EUR график выглядит слабо и не исключаю еще один перелой, но идея восходящей коррекции сохраняет актуальность, как и было указано в понедельник. По GBP график чище. Идея актуальна. Цена, все еще, находится в рамках Strong Low, что указывает на высокую вероятность отскока. Провел ребалансировку рисков торгового счета "
2025-10-23,19:08,2366,REVIEW,GBPUSD,,,,,,,,0,0,,,2366_H4.png,"Добрый вечер, трейдеры. Завтра опубликую видео про рыночные неэффективности, EMH и гэпы, которое помогло переосмыслить свой подход к рынку и понимание стратегии. Актуальную позицию по GBP прикрепил. Сделаю Weekly Review в формате Notion. 😎"
2025-10-27,10:36,2375,PLAN,,,,,,,,,0,0,,https://youtu.be/fST4ZIiaucM,,"График довольно сложный для анализа ввиду все большего сжатия цены в узком диапазоне. По ссылке запись утренней конференции из THE EDGE, в которой провели детальный анализ всех переменных, составили торговый план и обсудили позиции. Продуктивной рабочей недели 😎."
2025-10-28,16:50,2382,REVIEW,EURUSD|GBPUSD|DXY,,,,,,,,0,0,,,2382_Trigger.png,"К сожалению, обе позиции ушли в BE ввиду значимого ослабления GPB относительно EUR на основе новостного триггера. Данные позиции — хороший пример дисперсии. Если Вы откроете график EURUSD или DXY, то на них ничего не поменялось с точки зрения Narrative и основной причиной такого расширения по GBP является дыра в бюджете на 20 миллиардов. Как говорится, на рынке возможно все. В пятницу опубликую детальный Weekly Review, есть что разобрать."
2025-10-31,10:56,2391,REVIEW,,,,,Market,,,,0,0,,,2391_Roadmap.png,"Доброе утро, трейдеры. Первый месяц Q4 подходит к концу. Честно говоря, время летит сумасшедшим образом, даже не заметил как прошел 2025, говорят, что так происходит, если занимаешься любимым делом. Октябрь был непростым, но закрыт в плюс. Именно этот месяц дал множество идей для обновлений всех параметров экосистемы и стратегии, поэтому скоро все увидите. По ссылке Вы найдете запись Weekly Review, в которой мы обсудили торговые возможности, особенности ценообразования, позиции и ожидания по рынку. На следующей наделе будет новое видео на YouTube. Хороших выходных и берегите себя!"
2025-11-04,09:51,2393,TRADE_IDEA,,,,,,,,,0,0,,https://youtu.be/f4TyomDYnhU,,"Доброе утро, трейдеры! Хотел записать короткий, но детальный обзор ключевых пар — получилось только детальный. Обратите внимание на логику формирования Narrative, структуру торгового плана и актуальные торговые идеи. Приятного просмотра и продуктивной рабочей недели 😎📞"
2025-11-07,13:24,2401,TRADE_ANALYSIS,,,,,Swing,,,,0,0,,https://youtu.be/N_mdcGJtIuQ,,"Добрый день, трейдеры! В данном Weekly Review мы поговорили про метод открытия позиций High RR Swing, особенности анализа торгового плана, а также провели детальный анализ позиций и ценообразования. Приятного просмотра и хороших выходных!"
2025-11-18,10:13,2412,PLAN,,,,,,,,,0,1,,,,"Доброе утро, трейдеры! По ссылке найдете запись вчерашней конференции из THE EDGE, в рамках которой мы детально провели анализ всех основных торговых пар и сформировали торговый план. Приятного просмотра."
2025-11-21,14:42,2420,REVIEW,,,,,,,,,2,0,https://www.tradingview.com/x/bXDOKOOo/|https://www.tradingview.com/x/bXDOKOOo/,,2420_Trade Entry.png,"https://www.tradingview.com/x/bXDOKOOo/ Фиксация мыслей в текстовом формате очень помогает повышать качество анализа и объективность планов. Некоторые идеи вдобавок к Weekly Review. Прошедшая неделя показала, что качественный план и терпение — очень ценные навыки в трейдинге."
2025-12-02,11:35,2439,ANALYSIS,EURUSD|GBPUSD|DXY,,,,,,,,0,0,,,2439_Trade Idea.png,"Обратите внимание на график DXY. Для того, чтобы определить Narrative достаточно 2 линий. Если покупатели покажут силу локально и цена сформирует коррекцию в Premium, то это позволит добрать / открыть очень простые позиции по EUR / GBP."
2025-12-11,19:04,2456,PERFORMANCE,,,,+17|90|10|72,,,,,0,0,,,2456_THE EDGE.png,"На этой прекрасной ноте закрываем 2025. Одно движение — +17%, что в очередной раз подтверждает правила моей системы: 90% прибыли делается на 10% движений, а также less is more. Годовой результат составил 72%. Всю логику позиций демонстрировал заранее в торговых планах, которые публикую на YouTube, а также постах. Главной целью данных публикаций является демонстрация анализа и алгоритма торговых решений, чтобы сделать торговлю трейдеров проще и эффективнее. Невероятно горд и доволен тем, какую рабочую атмосферу удалось выстроить в THE EDGE и как трейдеры буквально на глазах достигают не просто результатов, а стабильности. Не могу сказать, что 2025 был легким на рынках, но он точно был невероятно продуктивным. Нам еще предстоит сделать анализ всех трейдов, метрик, а также уроков, чтобы верну"
2025-12-12,12:58,2457,REVIEW,,,,,,,,,0,1,,,,"Неделя получилась невероятно продуктивной. По ссылке Вы найдете запись детального Weekly Review из THE EDGE, в котором мы разобрали позиции, особенности ценообразования и логику адаптации торгового плана. Приятного просмотра и хороших выходных!"
2026-01-05,17:24,2471,PLAN,,,,,,,,,0,0,,https://youtu.be/_G6vuQTYf9Y,,"По ссылке Вы найдете первый торговый план в новом году и описание уже открытой позиции. Приятного просмотра и продуктивной рабочей недели, очень рад вернуться в рабочий ритм и рутину."
2026-01-09,13:26,2473,TRADE_ANALYSIS,,,,,,,,,0,1,,,,"По ссылке Вы найдете Weekly Review, в котором мы провели детальный анализ позиций и ценообразования в течение недели. Хороших выходных трейдеры. Со следующей недели — full work mode."
2026-01-16,12:58,2483,NOTE,,,,,,,,,0,1,,,,"По ссылке Вы найдете детальный анализ прошедшей торговой недели, позиций, торгового плана, а также заметки по PA. Приятного просмотра и хороших выходных, трейдеры."
2026-01-24,13:12,2488,PLAN,EURUSD,,,,Market|PosAdding,,,,0,1,,,,"Добрый день, трейдеры. После подкаста некоторое время находился в отъезде, поэтому был менее активен в канале, но работа на рынке велась без перерыва. Недавно я публиковал Trading Plan, а также Weekly Review, в котором детально описал сценарии работы по EURUSD на основе Bullish Narrative, а также то, что ожидаю агрессивное снижение по USD. Мы выжали из этих движений максимум. Всего было открыто 5 позиций в рамках Position Adding, которые до сих пор удерживаются с совокупным потенциалом в 24%. Из апдейтов – недавно реализовали новый блок «Trading Plan». Теперь на регулярной основе все планы, их апдейты, а также weekly review с трейдами фиксируются текстово в одном месте, чтобы было удобно пересматривать, анализировать, улучшать. С одним из таких файлов рекомендую ознакомиться по ссылке, там"
2026-01-27,18:31,2495,PLAN,EURUSD,,,,PosAdding|Swing,,,,0,1,,,,"Мы сумели выжать максимум из движения по EURUSD. У меня было открыто 5 позиций Swing в формате Position Adding, что принесло 24% к депозиту. Торговый план от 05.01 / 13.01 отработал. Весь анализ, выполнение позиций и логику менеджмента транслировал онлайн — можете найти по ссылке. Такие движения, безусловно, происходят не часто, но, как и обсуждали на подкасте с Линдой — 90% прибыли делается на 10% движений. В скором времени я опубликую MPA, в котором разберем все позиции, логику менеджмента и систему RM крайне детально. Данное видео будет дополнено еще одним о том, как найти свое преимущество на рынке. Step By Step 😎"
2026-02-06,16:48,2507,NOTE,,,,,PosAdding,,,,0,0,,,2507_MPA.pdf,"Торговый журнал по ссылке. Файл из видео с позициями и заметкам. Рекомендую изучить планы и заметки по ним, чтобы полностью уловить логику открытия позиций, а также Position Adding. Хороших выходных, трейдеры!"
2026-02-13,13:07,2512,REVIEW,,,,,,,,,0,0,,https://youtu.be/gmO7fA3QqZk,,"https://youtu.be/gmO7fA3QqZk В последнее время работа на рынке ведется очень интенсивно ввиду достаточно большого количества возможностей. Поэтому, решил поделиться детальным Weekly Review, в котором разобрали ключевые рыночные заметки, которые были практически полезны, логику работы с переменными для качественного анализа и чего ожидать от CPI. Приятного просмотра и хороших выходных трейдеры!"
2026-02-19,18:44,2515,PLAN,,,,,Swing,,,,0,1,,,,"По ссылке Вы найдете крайне детальную конференцию из THE EDGE, в которой мы провели анализ актуальных переменных, сформировали новый торговый план и я поделился тезисами, которые будут полезны при торговле Swing. Приятного просмотра!"
2026-02-27,13:24,2520,REVIEW,,,,,Market,,,,0,1,,,,"Февраль получился крайне продуктивным месяцем с точки зрения опыта и уроков, но довольно трудным в торговле ввиду пониженной волатильности. После феноменального января, довольно закономерное явление. В последнее время фокусируюсь на внутренней работе и это дает свои плоды. По ссылке Вы можете найти короткий Weekly Review, в котором мы обсудили основные идеи по рынку и провели анализ торговых планов. Хороших выходных, трейдеры!"
2026-02-28,09:35,2521,PLAN,,,,,,,,,0,1,,,,"Умение определить то, что асимметрия, на основе которой строился торговый план больше не присутствует в рынке — такой же важный навык, как и умение выявлять данную асимметрию."
2026-04-01,10:35,2536,PLAN,,,,,,,,,0,0,,https://youtu.be/-1Wtp1P16bc,,"Доброе утро, трейдеры. В этот раз я попробовал сделать не просто торговый план, а видео практически-обучающего характера, где на реальном примере графика мы разбираем особенности алгоритма Narrative, структуру торгового плана и проводим анализ основных пар на рынке. Если данный формат нравится, то я буду благодарен за Ваш фидбэк. Продуктивной рабочей недели. https://youtu.be/-1Wtp1P16bc"
2026-04-03,15:16,2540,REVIEW,DXY,,,,,,,,0,1,,,,"По ссылке Вы найдете Weekly Review, в котором мы провели детальный анализ ценообразования на прошедшей неделе, а также обсудили особенности построения Narrative, использование DXY и многое другое. Приятного просмотра!"
2026-04-08,13:07,2543,ANALYSIS,EURUSD|GBPUSD|DXY,,,,,,,,2,1,https://www.tradingview.com/x/36RT0nF6/|https://www.tradingview.com/x/36RT0nF6/,,,"https://www.tradingview.com/x/36RT0nF6/ Narrative по DXY, который разбирали в торговых планах себя отрабатывает и технически даже чище, чем на парах EUR / GBP. Некоторые трейдеры сумели реализовать восходящее расширение по основным парам, но не скажу, что ситуация была «чистой» ввиду грязного новостного фона. На данный момент весь упор делаю на диверсификацию стратегии, поскольку дисбаланс волатильности на рынке требует адаптации. Как и писал выше, в скором времени поделюсь тем, что получилось."
2026-04-14,19:05,2550,ANALYSIS,EURUSD|GBPUSD,Short,,,,,,,0,1,,,,"Добрый вечер, трейдеры. Основной Narrative по доллару, который был описан в торговых планах отработал. Обратите внимание на логику Re-Raid и почему Fractal Highs выступали в роли точек интереса продаж. Некоторые трейдеры сумели реализовать движения по EUR / GBP, но не могу сказать, что движение было чистым. Пару дней находился в отъезде, завтра возвращаюсь в активную работу и начинается публикация контента, который давно планировал и готовил. Продуктивной недели."
2026-04-16,09:22,2553,PLAN,,,,,FVG,,W1,,0,1,,,,"Доброе утро, трейдеры. Завершил подготовку материала, который полностью закроет вопрос стабильного прогресса в трейдинга без постоянной необходимости поиска новой информации. Если Вы смотрели торговый план, то на данный момент происходит активация краткосрочного Bearish Narrative, все внимание буду уделять Н4 для принятия торговых решений или пропуска. По доллару пришли в сильную зону спроса в виде [+W1 FVG] Discount откуда можем получить зарождение коррекции. Поэтому, обратите внимание."
2026-05-06,14:23,2567,TRADE_IDEA,,,,,PosAdding,,,,0,1,,,,"Добрый день, трейдеры! Прошу прощения за низкую активность здесь, рынок предоставляет асимметрические возможности, поэтому фокус полностью смещен на внутреннюю работу и их реализаицю. Текущий рынок — хороший пример логики «динамической вероятности», которую я описывал в крайнем видео и именно методика из него позволила, в очередной раз, выжать из торговой идеи максимум. Завтра я опубликую бэктест с целью закрепления материала из крайнего видео, в котором поделюсь разбором текущей стратегии, Position Adding, а также рекомендациями о поиске своего стиля / преимущества на рынке. После фиксации итоговых результатов актуальных позиций сделаю разбор ценообразования за апрель / май — было получено немало уроков, одни из самых насыщенных месяцев с точки зрения прогресса. Продуктивной недели, трейд"
2026-05-08,12:52,2580,REVIEW,,,,,SNR,,,,0,1,,,,"Неделя получилась невероятно продуктивной. Настоятельно рекомендую посмотреть наш Weekly Review из THE EDGE. [Запись] Тезисы: - Обзор рынка, анализ плана и позиций - Особенности SNR - Как избавиться от овераналитики и открывать позиции при переменных против Вас? - Сухая переменная vs Переменная в контексте - Логика работы с проблемными зонами - Narrative & Динамическая вероятность Приятного просмотра и хороших выходных, трейдерс."
2026-05-18,21:47,2588,TRADE_IDEA,,,,,VC,,,,0,1,,,,"По ссылке Вы найдете запись нашей вечерней конференции. Настоятельно рекомендую к просмотру. Основные тезисы описаны ниже. - Narrative vs Trade Idea: положение стопа - Особенности текущего рынка и стоит ли адаптироваться? - Когда VC это страх, а не преимущество? - Методы открытия позиций без VC - Как определяется асимметрия? - До какого момента стоит следовать первоначальному сценарию? - Усложнение анализа ухудшает качество торговых решений Доброй ночи, трейдеры. На этой неделе опубликую новое важное видео о торговом процессе. Step By Step."
2026-05-20,19:32,2589,TRADE_IDEA,,,,,Market,,,,0,1,,,,"Добрый вечер, трейдеры. По ссылке найдете конференцию с актуальными апдейтами по рынку, разбором логики вероятности, а также Narrative & Trade Idea. Я считаю, что 95% проблем, которые списываются на психологию связаны с пробелами в торговых процессах. Если Вы спешите со входом, то не знаете, как именно Вы входите. Если Вы ощущаете дискомфорт в позиции, то у Вас нету грамотной системы RM. Если Вам сложно закрыть трейд, то Вы не понимаете условия менеджмента и таргетирования. Список можно продолжать бесконечно. Поэтому, я принял решение провести небольшой марафон конференций по торговой стратегии в течение 8 недель, целью которого будет формирование торговой стратегии с ее полным пониманием у каждого трейдера. Уверен, что это даст совершенно новый взгляд на рынок и систему. Хорошего вечера, "
2026-05-22,13:37,2591,TRADE_ANALYSIS,,,,,,,,,0,1,,,,"Вопреки «сложному» рынку мы не сбавляем темп работы. По ссылке Вы найдете Weekly Review, в рамках которого было затронуто большое количество ключевых тезисов и приведен детальный анализ позиций. Обратите внимание на логику системы RM от Ланса и позиции от Тома Данте. Приятного просмотра и хороших выходных. В ближайшее время опубликую одно из важнейших видео на канале."
2026-07-03,13:10,2610,REVIEW,,,,,,,,,0,1,,https://youtu.be/VJaL9cqkHQM,,"Добрый день, трейдеры. Провел неделю в подготовке к конференции, которая будет в понедельник. Возможно предоставлю Вам доступ, чтобы Вы могли посмотреть онлайн, если получится. Рынок постепенно формирует качественные возможности, поэтому буду возвращать активную публикацию видео. По ссылке Вы найдете Weekly Review. Рекомендую посмотреть, поскольку конференция получилась очень продуктивной. В течение последних 2 месяцев занимался изучением базы материалов по стратегиям, RM, методике исполнения позиций и другим темам. В скором времени поделюсь выжимкой на YouTube. Хороших выходных."
2026-07-27,11:11,2620,TRADE_IDEA,,,,,,,,,0,1,,https://youtu.be/3VLU6VPINzI,,"Доброе утро, трейдеры! Взгляд на актуальные торговые идеи по ссылке. Обратите внимание на особенности формирования Narrative и оценки Market State. https://youtu.be/3VLU6VPINzI Продуктивной рабочей недели."
2026-07-28,11:05,2621,TRADE_ANALYSIS,EURUSD,,,,Swing,,,,0,1,,https://youtu.be/yN21zgiKGRU,,"В последнее время провел реструктуризацию нашей работы на основе обновлений в торговой стратегии и процессах. По ссылке Вы найдете короткие комментарии по структуре, разбор позиции по EURUSD в понедельник и короткий взгляд на торговые идеи для Swing. Приятного просмотра. https://youtu.be/yN21zgiKGRU"
2026-07-28,19:34,2625,PERFORMANCE,USOIL,,3.3,,,,,,0,0,,,2625_EDGE.png,"Как и указывал ранее, провел достаточно объемную работу над стратегией, системой RM, диверсификацией рынков (Фондовый, сырьевой) и это дало результат. Июль закрыт в +10. Только позиции по нефти принесли 3.3R в итоге. Удалось забрать движение в обе стороны. В скором времени поделюсь частью наработок на канале. Вам было бы интересно видеть торговые планы / позиции / общие комментарии по альтернативным рынкам и подходу?"
2026-08-03,10:56,2628,TRADE_IDEA,,,,,,,,,0,0,,https://youtu.be/iG6XPkLwSc4,,"Доброе утро, трейдеры! Июль предоставил большое количество качественных возможностей, теперь пора сформировать план на август. Уделите внимание логике построения торговых идей из 2 компонентов, видам преимущества, а также методам их реализации. Приятного просмотра и продуктивной недели. P.S. К каждому торговому плану я готовлюсь тщательно, чтобы не просто покрутить график рандомно, а качественно описать переменные, логику и предоставить дополнительные материалы. Если Вам это приносит пользу — покажите, это, пожалуйста, своим активом. https://youtu.be/iG6XPkLwSc4"
2026-08-04,22:07,2634,TRADE_IDEA,,Short,,,,,D1,,4,0,https://www.tradingview.com/x/sEaQrQbJ/|https://www.tradingview.com/x/sEaQrQbJ/|https://www.tradingview.com/x/sEaQrQbJ/|https://www.tradingview.com/x/ZFeUqsft/,,,"https://www.tradingview.com/x/sEaQrQbJ/ Рассматриваю D1 KL как возможность для краткосрочной продажи внутри недели. Обратите внимание на отклонение, если оно произойдет. Контекст Daily по ссылке."
2026-08-07,16:50,2642,CHART,EURUSD,,,,,,,,2,0,https://www.tradingview.com/x/67ysUILI/|https://www.tradingview.com/x/67ysUILI/,,2642_Trade.png,Коротко описал идеи и взгляд на EURUSD. График: https://www.tradingview.com/x/67ysUILI/
2026-08-17,18:56,2648,TRADE_IDEA,,,,,,,,,0,1,,,,"Добрый вечер, трейдеры! Находился в коротком отпуске для перезагрузки перед периодом наибольшего количества торговых возможностей — осенью. Видео о Easy Money Trades получило большое количество положительного фидбэка, что говорит о том, что моя линия видео «NLT» станет глотком свежего воздуха для многих и покажет трейдинг под новым углом. На этой неделе буду включаться в работу, поделюсь актуальными позициями, планом, а также, скорее всего, новым видео о том, как строить «двухкомпонентные» торговые идеи, которые имеют реальное преимущество. *Все материалы являются выжимкой работы профессиональных трейдеров, с которыми я общался (с которыми будут подкасты) и работы которых я изучал. Просто делюсь этим с Вами с целью повышения уровня трейдинга в Украине. Stay Tuned."
2026-08-18,19:05,2653,TRADE_IDEA,EURUSD|EURGBP,,,,,,,,0,0,,,2653_Trade (EURGBP).png,"Позиции, которые были открыты в понедельник, а также позиция по EURUSD за сегодня (удерживается). На этой неделе, возможно, опубликую видео о двухкомпонентных торговых идеях. В данном материале поделюсь информацией от профессиональных трейдеров о методике формирования торговых идей, а также способах их реализации. Обсудим Path Dependence, Framing Trade Idea, структуру торговой идеи и многое другое. Данное видео поможет Вам открывать позиции с более высоким качеством."
2026-08-19,16:50,2655,ANALYSIS,EURUSD|GBPUSD,,,,Swing,,,,0,0,,,2655_GBPUSD Swing.png,"Сегодня Loss -1.5% (EUR -1% и GBP -0.5%), немного скорректировал вчерашний перформанс. При этом, хочется напомнить и себе и Вам одну простую вещь — в трейдинге крайне важно следовать своему conviction, поскольку только это позволит принимать качественные торговые решения, а также проводить их объективный анализ. В конце недели поделюсь анализом и заключениями."
2026-08-20,15:10,2657,CHART,USDJPY,,,,MeanRev,,,,0,0,,,2657_USDJPY (H1).png,"Базовой валютой данной пары является USD. Учитывая значимое отклонение по нему, мы не получили аналогичного по USDJPY, что указывает на то, что JPY, все равно, сохраняет относительную слабость к доллару. Реализция по классическому Mean Reversion Playbook. Реабилитировал вчерашний Loss."
2026-08-21,12:29,2658,TRADE_IDEA,DXY,,,,,,,,0,1,,https://youtu.be/M8ys0B5uzuA,,"Добрый день, трейдеры. Настоятельно рекомендую к просмотру запись конференции Weekly Review. В ней я поделился примером актуального edge на рынке Форекс, а также на примере DXY показал, как его можно находить и использовать для построения торговых идей / ожиданий. Приятного просмотра и хороших выходных. https://youtu.be/M8ys0B5uzuA"
2026-08-26,09:30,2662,TRADE_IDEA,,,,,,,,,0,1,,,,"Доброе утро, трейдеры! На этой неделе forex довольно медленный, тем не менее, было реализовано 4 позиции до уровней, которые были указаны в WL выше. Параллельно, в течение крайних месяцев работал над торговлей фондового рынка, в частности small caps. Могу сказать, что рынок и построение идей кардинально отличаются от валюты. Завтра, скорее всего, опубликую важный материал по двухкомпонентным торговым идеям. Как всегда, в конце недели поделюсь уроками и позициями. Stay Tuned."
2026-08-27,19:48,2664,TRADE_IDEA,,,,,,,,,0,0,,https://youtu.be/7AevEikg51s,,"В данном видео я поделился логикой построения торговых идей, которую перенял у сильнейших трейдеров нашего времени и которая изменила мой взгляд на рыночное преимущество в целом. Те, кто, действительно, разберутся в том, что было предоставлено в этом материале смогут выйти на совершенно другой уровень трейдинга. Приятного просмотра. https://youtu.be/7AevEikg51s"
2026-08-28,12:23,2666,TRADE_IDEA,NQ|AAPL|NVDA,,,,,,,,0,0,,https://youtu.be/gepqn8pMZfk,,"Добрый день, трейдеры. Weekly Review получился одним из самых насыщенных. В нем мы разобрали все позиции за неделю, я поделился логикой DRC, которая помогла эффективно сместить фокус на качество торгового процесса, а также обсудили конкретные примеры торговых идей с преимуществом по AAPL, NVDA и NQ. Уделите внимание данным идеям, поскольку они являются отличным примером двухкомпонентных позиций. Ближе к вечеру поделюсь трейдами в формате графиков. Хороших выходных, трейдеры. https://youtu.be/gepqn8pMZfk"
2026-08-29,10:39,2670,CHART,GBPUSD,,+5.9,,,,,,0,0,,,2670_GBP Trades.jpg,GBP +5.9R
2026-08-29,10:40,2675,CHART,EURUSD,,+2.5,,,,,,0,0,,,2675_EUR Trades.jpg,EUR +2.5R
2026-08-29,10:41,2677,CHART,USDJPY,,+1,,,,,,0,0,,,2677_JPY Trade.jpg,JPY +1R
2026-09-03,16:00,2685,CHART,EURUSD,,,,Swing,,,,0,0,,,2685_Trades.jpg,"Пробую реализовать Swing по EURUSD. Учитывая турбулентность и переменчивость рынка — не особо полагаю надежды, просто нажимаю кнопки согласно плану. В последнее время рынок очень активный и та робота, которая велась в течение крайних месяцев уже начинает давать плоды."
